record_type,query_id,date,source,query,url,title,returned_count,decision,exclusion_reason,access_status,study_id,raw_record,notes
search_return,HC-Q01,2026-09-14,web.search,"""10.3390/atmos11040412""",https://openresearch.surrey.ac.uk/esploro/outputs/journalArticle/An-Inter-Comparison-of-the-Holiday-Climate/99817745102346,An Inter-Comparison of the Holiday Climate Index (HCI:Beach) and the Tourism Climate Index (TCI) to Explain Canadian Tourism Arrivals to the Caribbean - University of Surrey,18,linked_to_included_study,선정 연구의 검색 반환/서지 사본; 접근 단계는 별도 행 참조,search_return_only,HC-S01,search_records/HC-Q01.json#result-1,
search_return,HC-Q01,2026-09-14,web.search,"""10.3390/atmos11040412""",https://www.mdpi.com/2073-4433/11/4,Atmosphere | April 2020 - Browse Articles,18,excluded_listing,논문 자체가 아닌 목록/인물/검색/특집 페이지,search_return_only,,search_records/HC-Q01.json#result-2,
search_return,HC-Q01,2026-09-14,web.search,"""10.3390/atmos11040412""",https://www.mdpi.com/journal/atmosphere/special_issues/Indexes,Atmosphere | Special Issue : Development of Precise Indexes for Assessing the Potential Impacts of Climate Change,18,excluded_listing,논문 자체가 아닌 목록/인물/검색/특집 페이지,search_return_only,,search_records/HC-Q01.json#result-3,
search_return,HC-Q01,2026-09-14,web.search,"""10.3390/atmos11040412""",https://pubmed.ncbi.nlm.nih.gov/33416950/,"Tourism climatology: past, present, and future.",18,not_extracted_candidate,관련 가능 반환; 우선 원연구·직접 결과 중심 범위에서 추가 원문 검토하지 않음,search_return_only,,search_records/HC-Q01.json#result-4,
search_return,HC-Q01,2026-09-14,web.search,"""10.3390/atmos11040412""",https://www.mendeley.com/catalogue/417e5ff8-0bfe-3478-8392-04e9bb93a88e/,An Inter (HCI:Beach) and the tour... preview & related info | Mendeley,18,linked_to_included_study,선정 연구의 검색 반환/서지 사본; 접근 단계는 별도 행 참조,search_return_only,HC-S01,search_records/HC-Q01.json#result-5,
search_return,HC-Q01,2026-09-14,web.search,"""10.3390/atmos11040412""",https://fenix.igot.ulisboa.pt/downloadFile/563078802440222/Rutty%20et%20al_2020.pdf,An Inter-Comparison of the Holi,18,linked_to_included_study,선정 연구의 검색 반환/서지 사본; 접근 단계는 별도 행 참조,search_return_only,HC-S01,search_records/HC-Q01.json#result-6,
search_return,HC-Q01,2026-09-14,web.search,"""10.3390/atmos11040412""",https://revistaseug.ugr.es/index.php/cuadgeo/article/view/33900,Impacto de las condiciones atmosféricas en la dinámica y la selección de rutas en el Camino de Santiago | Cuadernos Geográficos,18,not_extracted_candidate,관련 가능 반환; 우선 원연구·직접 결과 중심 범위에서 추가 원문 검토하지 않음,search_return_only,,search_records/HC-Q01.json#result-7,
search_return,HC-Q01,2026-09-14,web.search,"""10.3390/atmos11040412""",https://openurl.ebsco.com/results?bquery=AU+Rutty%2C+Michelle&link_origin=&searchDescription=Rutty%2C+Michelle&sid=ebsco%3Aocu%3Arecord,"Search Results | Scholarly Articles, Journals, and E-Books | EBSCOhost",18,excluded_listing,논문 자체가 아닌 목록/인물/검색/특집 페이지,search_return_only,,search_records/HC-Q01.json#result-8,
search_return,HC-Q01,2026-09-14,web.search,"""10.3390/atmos11040412""",https://link.springer.com/article/10.1007/s11069-025-07516-5,Extreme weather risks for tourism in the European Union | Natural Hazards | Springer Nature Link,18,not_extracted_candidate,관련 가능 반환; 우선 원연구·직접 결과 중심 범위에서 추가 원문 검토하지 않음,search_return_only,,search_records/HC-Q01.json#result-9,
search_return,HC-Q01,2026-09-14,web.search,"""10.3390/atmos11040412""",https://www.met.hu/downloads.php?fn=%2Fmetadmin%2Fnewspaper%2F2025%2F12%2Fff9bfe4835e91c062973079ea1f0ef99-129-4-4-milenkovic.pdf,DOI:10.28974/idojaras.2025.4.4,18,not_extracted_candidate,관련 가능 반환; 우선 원연구·직접 결과 중심 범위에서 추가 원문 검토하지 않음,search_return_only,,search_records/HC-Q01.json#result-10,
search_return,HC-Q01,2026-09-14,web.search,"""10.3390/atmos11040412""",https://www.grafiati.com/en/literature-selections/sun-and-beach-tourism/journal/,Journal articles: 'Sun-and-beach tourism' – Grafiati,18,excluded_listing,논문 자체가 아닌 목록/인물/검색/특집 페이지,search_return_only,,search_records/HC-Q01.json#result-11,
search_return,HC-Q01,2026-09-14,web.search,"""10.3390/atmos11040412""",https://www.grafiati.com/en/literature-selections/tourism-barbados/journal/,Journal articles: 'Tourism – Barbados' – Grafiati,18,excluded_listing,논문 자체가 아닌 목록/인물/검색/특집 페이지,search_return_only,,search_records/HC-Q01.json#result-12,
search_return,HC-Q01,2026-09-14,web.search,"""10.3390/atmos11040412""",https://jfab.journals.ekb.eg/article_405172_03824732df60d0a464d8451419d4aa0a.pdf,جامع         ة بنها                                                     كلية اآلداب,18,not_extracted_candidate,관련 가능 반환; 우선 원연구·직접 결과 중심 범위에서 추가 원문 검토하지 않음,search_return_only,,search_records/HC-Q01.json#result-13,
search_return,HC-Q01,2026-09-14,web.search,"""10.3390/atmos11040412""",https://scispace.com/papers/an-inter-comparison-of-the-holiday-climate-index-hci-beach-48kqqez4hg,(Open Access) An Inter-Comparison of the Holiday Climate Index (HCI:Beach) and the Tourism Climate Index (TCI) to Explain Canadian Tourism Arrivals to the Caribbean (2020) | Michelle Rutty | 94 Citations,18,linked_to_included_study,선정 연구의 검색 반환/서지 사본; 접근 단계는 별도 행 참조,search_return_only,HC-S01,search_records/HC-Q01.json#result-14,
search_return,HC-Q01,2026-09-14,web.search,"""10.3390/atmos11040412""",https://www.tandfonline.com/doi/abs/10.1080/09669582.2025.2573708,Full article: Tourism dependency and extreme weather: developing tourism extreme weather exposure indices for Denmark,18,not_extracted_candidate,관련 가능 반환; 우선 원연구·직접 결과 중심 범위에서 추가 원문 검토하지 않음,search_return_only,,search_records/HC-Q01.json#result-15,
search_return,HC-Q01,2026-09-14,web.search,"""10.3390/atmos11040412""",https://www.jccr.re.kr/xml/42629/42629.pdf,"Journal of Climate Change Research 2024, Vol. 15, No. 5-1, pp. 635~652",18,not_extracted_candidate,관련 가능 반환; 우선 원연구·직접 결과 중심 범위에서 추가 원문 검토하지 않음,search_return_only,,search_records/HC-Q01.json#result-16,
search_return,HC-Q01,2026-09-14,web.search,"""10.3390/atmos11040412""",https://hrcak.srce.hr/file/457764,Célia M.Q. Ramos / Adolfo Vanti / Pedro Solana-González,18,not_extracted_candidate,관련 가능 반환; 우선 원연구·직접 결과 중심 범위에서 추가 원문 검토하지 않음,search_return_only,,search_records/HC-Q01.json#result-17,
search_return,HC-Q01,2026-09-14,web.search,"""10.3390/atmos11040412""",https://mdpi-res.com/d_attachment/atmosphere/atmosphere-14-01306/article_deploy/atmosphere-14-01306.pdf,Microsoft Word - atmosphere-2547660-fc done.docx,18,not_extracted_candidate,관련 가능 반환; 우선 원연구·직접 결과 중심 범위에서 추가 원문 검토하지 않음,search_return_only,,search_records/HC-Q01.json#result-18,
search_return,HC-Q02,2026-09-14,web.search,beach thermal comfort stated preference observed attendance weather swimming Rutty Scott,https://pubmed.ncbi.nlm.nih.gov/24671407/,Bioclimatic comfort and the thermal perceptions and preferences of beach tourists - PubMed,14,linked_to_included_study,선정 연구의 검색 반환/서지 사본; 접근 단계는 별도 행 참조,search_return_only,HC-S03,search_records/HC-Q02.json#result-1,
search_return,HC-Q02,2026-09-14,web.search,beach thermal comfort stated preference observed attendance weather swimming Rutty Scott,https://www.researchgate.net/publication/261139099_Bioclimatic_comfort_and_the_thermal_perceptions_and_preferences_of_beach_tourists,(PDF) Bioclimatic comfort and the thermal perceptions and preferences of beach tourists,14,linked_to_included_study,선정 연구의 검색 반환/서지 사본; 접근 단계는 별도 행 참조,search_return_only,HC-S03,search_records/HC-Q02.json#result-2,
search_return,HC-Q02,2026-09-14,web.search,beach thermal comfort stated preference observed attendance weather swimming Rutty Scott,https://uwspace.uwaterloo.ca/bitstream/handle/10012/8500/Rutty_Michelle.pdf,Weather and Climate for Coastal Tourism,14,not_extracted_candidate,관련 가능 반환; 우선 원연구·직접 결과 중심 범위에서 추가 원문 검토하지 않음,search_return_only,,search_records/HC-Q02.json#result-3,
search_return,HC-Q02,2026-09-14,web.search,beach thermal comfort stated preference observed attendance weather swimming Rutty Scott,https://tkp.tourism.gov.za/ResearchRepo/Shared%20Documents/A%20Comparative%20Provincial%20Analysis%20of%20Coastal%20and%20Marine%20Tourism%20%28CMT%29%20Visitor%20Profiles%20and%20Perceptions%20in%20South%20Africa.pdf,therefore important to examine tourist perceptions to better understand their responses to changes and adaptation measures they are likely to embrace.,14,not_extracted_candidate,관련 가능 반환; 우선 원연구·직접 결과 중심 범위에서 추가 원문 검토하지 않음,search_return_only,,search_records/HC-Q02.json#result-4,
search_return,HC-Q02,2026-09-14,web.search,beach thermal comfort stated preference observed attendance weather swimming Rutty Scott,https://uwaterloo.ca/scholar/dj2scott/publications/bioclimatic-comfort-and-thermal-perceptions-and-preferences-beach-tourists,Bioclimatic comfort and the thermal perceptions and preferences of beach tourists | Daniel Scott | University of Waterloo,14,linked_to_included_study,선정 연구의 검색 반환/서지 사본; 접근 단계는 별도 행 참조,search_return_only,HC-S03,search_records/HC-Q02.json#result-5,
search_return,HC-Q02,2026-09-14,web.search,beach thermal comfort stated preference observed attendance weather swimming Rutty Scott,https://pmc.ncbi.nlm.nih.gov/articles/PMC7406217/,A comparison of the holiday climate index:beach and the tourism climate index across coastal destinations in China - PMC,14,linked_to_included_study,선정 연구의 검색 반환/서지 사본; 접근 단계는 별도 행 참조,search_return_only,HC-S10,search_records/HC-Q02.json#result-6,
search_return,HC-Q02,2026-09-14,web.search,beach thermal comfort stated preference observed attendance weather swimming Rutty Scott,https://uwaterloo.ca/scholar/dj2scott/node/8612,Bioclimatic comfort and the thermal perceptions and preferences of beach tourists | Daniel Scott | University of Waterloo,14,linked_to_included_study,선정 연구의 검색 반환/서지 사본; 접근 단계는 별도 행 참조,search_return_only,HC-S03,search_records/HC-Q02.json#result-7,
search_return,HC-Q02,2026-09-14,web.search,beach thermal comfort stated preference observed attendance weather swimming Rutty Scott,https://openresearch.surrey.ac.uk/esploro/outputs/journalArticle/An-Inter-Comparison-of-the-Holiday-Climate/99817745102346,An Inter-Comparison of the Holiday Climate Index (HCI:Beach) and the Tourism Climate Index (TCI) to Explain Canadian Tourism Arrivals to the Caribbean - University of Surrey,14,duplicate_url,이미 반환된 URL; 독립 논문/표본으로 합산하지 않음,search_return_only,HC-S01,search_records/HC-Q02.json#result-8,
search_return,HC-Q02,2026-09-14,web.search,beach thermal comfort stated preference observed attendance weather swimming Rutty Scott,https://ams.confex.com/ams/ICB2014/webprogram/Paper254504.html,Abstract: Bioclimatic comfort of coastal tourists (20th International Congress of Biometeorology (28 September–2 October 2014)),14,not_extracted_candidate,관련 가능 반환; 우선 원연구·직접 결과 중심 범위에서 추가 원문 검토하지 않음,search_return_only,,search_records/HC-Q02.json#result-9,
search_return,HC-Q02,2026-09-14,web.search,beach thermal comfort stated preference observed attendance weather swimming Rutty Scott,https://www.sciencedirect.com/science/article/abs/pii/S0360132323000665,"Field assessments of mean radiant temperature estimation methods at beach areas: A case study of Hailing Island, China - ScienceDirect",14,not_extracted_candidate,관련 가능 반환; 우선 원연구·직접 결과 중심 범위에서 추가 원문 검토하지 않음,search_return_only,,search_records/HC-Q02.json#result-10,
search_return,HC-Q02,2026-09-14,web.search,beach thermal comfort stated preference observed attendance weather swimming Rutty Scott,https://www.researchgate.net/publication/299498662_Weather_sensitivity_for_zoo_visitation_in_Toronto_Canada_a_quantitative_analysis_of_historical_data,"(PDF) Weather sensitivity for zoo visitation in Toronto, Canada: a quantitative analysis of historical data",14,excluded_scope,제목/검색 맥락상 대상 물활동·환경 결과와 무관하거나 관광 홍보,search_return_only,,search_records/HC-Q02.json#result-11,
search_return,HC-Q02,2026-09-14,web.search,beach thermal comfort stated preference observed attendance weather swimming Rutty Scott,https://independent.academia.edu/MichelleRutty?swp=tc-au-12486792,Michelle Rutty - Independent Researcher,14,not_extracted_candidate,관련 가능 반환; 우선 원연구·직접 결과 중심 범위에서 추가 원문 검토하지 않음,search_return_only,,search_records/HC-Q02.json#result-12,
search_return,HC-Q02,2026-09-14,web.search,beach thermal comfort stated preference observed attendance weather swimming Rutty Scott,https://www.gov.scot/publications/value-bathing-waters-influence-bathing-water-quality-final-research-report/pages/5/,3. Methodology - Value of bathing waters and influence of bathing water quality: final research report - gov.scot,14,not_extracted_candidate,관련 가능 반환; 우선 원연구·직접 결과 중심 범위에서 추가 원문 검토하지 않음,search_return_only,,search_records/HC-Q02.json#result-13,
search_return,HC-Q02,2026-09-14,web.search,beach thermal comfort stated preference observed attendance weather swimming Rutty Scott,https://pubmed.ncbi.nlm.nih.gov/31522261/,Development of a data-driven weather index for beach parks tourism.,14,linked_to_included_study,선정 연구의 검색 반환/서지 사본; 접근 단계는 별도 행 참조,search_return_only,HC-S06,search_records/HC-Q02.json#result-14,
search_return,HC-Q03,2026-09-14,web.search,한국 해수욕장 기상 열쾌적성 선호 관광 기후 지수 연구,https://www.youtube.com/watch?v=L9S3yXa7Jmw,"[Never Ending Korea with PARK BO GUM] - One Day, Korea Came to Me(Official Short Film) - YouTube",24,excluded_scope,제목/검색 맥락상 대상 물활동·환경 결과와 무관하거나 관광 홍보,search_return_only,,search_records/HC-Q03.json#result-1,
search_return,HC-Q03,2026-09-14,web.search,한국 해수욕장 기상 열쾌적성 선호 관광 기후 지수 연구,https://www.youtube.com/watch?v=6BdrKjSMBJY,[Never Ending Korea with PARK BO GUM] - On My Way (Official MV) - YouTube,24,excluded_scope,제목/검색 맥락상 대상 물활동·환경 결과와 무관하거나 관광 홍보,search_return_only,,search_records/HC-Q03.json#result-2,
search_return,HC-Q03,2026-09-14,web.search,한국 해수욕장 기상 열쾌적성 선호 관광 기후 지수 연구,https://jccr.re.kr/_common/do.php?a=full&aidx=36551&b=12&bidx=3287,The Korean Society of Climate Change Research,24,not_extracted_candidate,관련 가능 반환; 우선 원연구·직접 결과 중심 범위에서 추가 원문 검토하지 않음,search_return_only,,search_records/HC-Q03.json#result-3,
search_return,HC-Q03,2026-09-14,web.search,한국 해수욕장 기상 열쾌적성 선호 관광 기후 지수 연구,https://jccr.re.kr/xml/36551/36551.pdf,DBPIA-NURIMEDIA,24,not_extracted_candidate,관련 가능 반환; 우선 원연구·직접 결과 중심 범위에서 추가 원문 검토하지 않음,search_return_only,,search_records/HC-Q03.json#result-4,
search_return,HC-Q03,2026-09-14,web.search,한국 해수욕장 기상 열쾌적성 선호 관광 기후 지수 연구,https://jccr.re.kr/_PR/view/?aidx=44958&bidx=4063,기후 요소가 관광·레저 활동 유형별 수요에 미치는 영향,24,not_extracted_candidate,관련 가능 반환; 우선 원연구·직접 결과 중심 범위에서 추가 원문 검토하지 않음,search_return_only,,search_records/HC-Q03.json#result-5,
search_return,HC-Q03,2026-09-14,web.search,한국 해수욕장 기상 열쾌적성 선호 관광 기후 지수 연구,https://jccr.re.kr/_PR/view/?aidx=36551&bidx=3287,기후변화가 해안 관광목적지에 미치는 영향 분석 : 해수욕장의 활동선호일수 및 침수지역 변화를 중심으로,24,not_extracted_candidate,관련 가능 반환; 우선 원연구·직접 결과 중심 범위에서 추가 원문 검토하지 않음,search_return_only,,search_records/HC-Q03.json#result-6,
search_return,HC-Q03,2026-09-14,web.search,한국 해수욕장 기상 열쾌적성 선호 관광 기후 지수 연구,https://prof.sejong.ac.kr/moonsoo/resource-links/notice.do?articleNo=9324&attachNo=2621&mode=download,기상 R&D 동향분석보고서 2025-2호,24,not_extracted_candidate,관련 가능 반환; 우선 원연구·직접 결과 중심 범위에서 추가 원문 검토하지 않음,search_return_only,,search_records/HC-Q03.json#result-7,
search_return,HC-Q03,2026-09-14,web.search,한국 해수욕장 기상 열쾌적성 선호 관광 기후 지수 연구,https://jccr.re.kr/_common/do.php?a=full&aidx=44958&b=42&bidx=4063,The Korean Society of Climate Change Research,24,not_extracted_candidate,관련 가능 반환; 우선 원연구·직접 결과 중심 범위에서 추가 원문 검토하지 않음,search_return_only,,search_records/HC-Q03.json#result-8,
search_return,HC-Q03,2026-09-14,web.search,한국 해수욕장 기상 열쾌적성 선호 관광 기후 지수 연구,https://www.fsc.go.kr/no010102/86339,보도설명자료 - 위원회 소식 - 알림마당 - 금융위원회,24,excluded_scope,제목/검색 맥락상 대상 물활동·환경 결과와 무관하거나 관광 홍보,search_return_only,,search_records/HC-Q03.json#result-9,
search_return,HC-Q03,2026-09-14,web.search,한국 해수욕장 기상 열쾌적성 선호 관광 기후 지수 연구,https://insight.goover.ai/report/202606/go-public-report-ko-6394512f-1bc5-4aa9-bb7e-b2eda9805791-0-0.html,초여름 무더위와 인파 집중: 조기 폭염에 따른 전국 관광지 대응과 미래 전략,24,not_extracted_candidate,관련 가능 반환; 우선 원연구·직접 결과 중심 범위에서 추가 원문 검토하지 않음,search_return_only,,search_records/HC-Q03.json#result-10,
search_return,HC-Q03,2026-09-14,web.search,한국 해수욕장 기상 열쾌적성 선호 관광 기후 지수 연구,https://file-cdn.bok.or.kr/ucms/9237a287456e5709e481c0831d83386e/1/tempFile.pdf?token=%5BREDACTED_PUBLIC_SEARCH_PARAMETER%5D,강원도 기후·기상 특성을 고려한 관광기반,24,not_extracted_candidate,관련 가능 반환; 우선 원연구·직접 결과 중심 범위에서 추가 원문 검토하지 않음,search_return_only,,search_records/HC-Q03.json#result-11,
search_return,HC-Q03,2026-09-14,web.search,한국 해수욕장 기상 열쾌적성 선호 관광 기후 지수 연구,https://kci.go.kr/kciportal/ci/sereArticleSearch/ciSereArtiView.kci?sereArticleSearchBean.artiId=ART002309850,국내 저비용항공사의 사전지식과 서비스품질이 고객만족과 재이용의도에 미치는 영향,24,excluded_scope,제목/검색 맥락상 대상 물활동·환경 결과와 무관하거나 관광 홍보,search_return_only,,search_records/HC-Q03.json#result-12,
search_return,HC-Q03,2026-09-14,web.search,한국 해수욕장 기상 열쾌적성 선호 관광 기후 지수 연구,https://www.kci.go.kr/kciportal/ci/sereArticleSearch/ciSereArtiView.kci?sereArticleSearchBean.artiId=ART002923550,"수영지도자 자격 운영체계 선진사례 비교 연구 : 일본, 호주, 미국을 중심으로",24,not_extracted_candidate,관련 가능 반환; 우선 원연구·직접 결과 중심 범위에서 추가 원문 검토하지 않음,search_return_only,,search_records/HC-Q03.json#result-13,
search_return,HC-Q03,2026-09-14,web.search,한국 해수욕장 기상 열쾌적성 선호 관광 기후 지수 연구,https://www.pps.go.kr/kor/content.do?key=00736,외자구매절차 | 조달청,24,excluded_scope,제목/검색 맥락상 대상 물활동·환경 결과와 무관하거나 관광 홍보,search_return_only,,search_records/HC-Q03.json#result-14,
search_return,HC-Q03,2026-09-14,web.search,한국 해수욕장 기상 열쾌적성 선호 관광 기후 지수 연구,https://www.kci.go.kr/kciportal/ci/sereArticleSearch/ciSereArtiView.kci?sereArticleSearchBean.artiId=ART002671875,Z세대의 스포츠 현장관람에 관한 탐색적 연구 : 한국 및 중국 대학생을 중심으로,24,excluded_scope,제목/검색 맥락상 대상 물활동·환경 결과와 무관하거나 관광 홍보,search_return_only,,search_records/HC-Q03.json#result-15,
search_return,HC-Q03,2026-09-14,web.search,한국 해수욕장 기상 열쾌적성 선호 관광 기후 지수 연구,https://kiss.kstudy.com/Detail/Ar?key=3943583,기후변화에 따른 미세먼지 대기질 변화 추정 및 관련 정책 지원 연구 - 기후환경정책연구 - 한국환경연구원 - KISS,24,not_extracted_candidate,관련 가능 반환; 우선 원연구·직접 결과 중심 범위에서 추가 원문 검토하지 않음,search_return_only,,search_records/HC-Q03.json#result-16,
search_return,HC-Q03,2026-09-14,web.search,한국 해수욕장 기상 열쾌적성 선호 관광 기후 지수 연구,https://eiec.kdi.re.kr/policy/domesticView.do?ac=0000175132,외국인 관광객 선호 K-상품군 조사 | 국내연구자료 | KDI 경제교육·정보센터,24,excluded_scope,제목/검색 맥락상 대상 물활동·환경 결과와 무관하거나 관광 홍보,search_return_only,,search_records/HC-Q03.json#result-17,
search_return,HC-Q03,2026-09-14,web.search,한국 해수욕장 기상 열쾌적성 선호 관광 기후 지수 연구,https://arxiv.org/abs/2205.10019,Translating Hanja Historical Documents to Contemporary Korean and English,24,excluded_scope,제목/검색 맥락상 대상 물활동·환경 결과와 무관하거나 관광 홍보,search_return_only,,search_records/HC-Q03.json#result-18,
search_return,HC-Q03,2026-09-14,web.search,한국 해수욕장 기상 열쾌적성 선호 관광 기후 지수 연구,https://www.kiep.go.kr/galleryDownload.es?bid=0001&list_no=2404&seq=1,<B5A5C0CCC5CD20B0E6C1A6C0C720BCBAC0E5B0FA20B9ABBFAABFA120B0FCC7D120BFACB1B82DC3D6C1BEC6EDC1FDBABB2E687770>,24,not_extracted_candidate,관련 가능 반환; 우선 원연구·직접 결과 중심 범위에서 추가 원문 검토하지 않음,search_return_only,,search_records/HC-Q03.json#result-19,
search_return,HC-Q03,2026-09-14,web.search,한국 해수욕장 기상 열쾌적성 선호 관광 기후 지수 연구,https://kr.object.gov-ncloudstorage.com/open-bucket/boards/1636086818736-2021%EB%B9%85%EB%8D%B0%EC%9D%B4%ED%84%B0%ED%94%8C%EB%9E%AB%ED%8F%BC%EC%84%BC%ED%84%B0_%EC%B5%9C%EC%A2%85.pdf,플랫폼 & 센터,24,not_extracted_candidate,관련 가능 반환; 우선 원연구·직접 결과 중심 범위에서 추가 원문 검토하지 않음,search_return_only,,search_records/HC-Q03.json#result-20,
search_return,HC-Q03,2026-09-14,web.search,한국 해수욕장 기상 열쾌적성 선호 관광 기후 지수 연구,https://arxiv.org/abs/2104.14528,GasHis-Transformer: A Multi-scale Visual Transformer Approach for Gastric Histopathological Image Detection,24,excluded_scope,제목/검색 맥락상 대상 물활동·환경 결과와 무관하거나 관광 홍보,search_return_only,,search_records/HC-Q03.json#result-21,
search_return,HC-Q03,2026-09-14,web.search,한국 해수욕장 기상 열쾌적성 선호 관광 기후 지수 연구,https://arxiv.org/abs/1001.2106,Hi-GAL: the Herschel infrared Galactic Plane Survey,24,excluded_scope,제목/검색 맥락상 대상 물활동·환경 결과와 무관하거나 관광 홍보,search_return_only,,search_records/HC-Q03.json#result-22,
search_return,HC-Q03,2026-09-14,web.search,한국 해수욕장 기상 열쾌적성 선호 관광 기후 지수 연구,https://files-scs.pstatic.net/2024/12/09/GrnOPrlVnd/%EC%A3%BC%EC%B2%A0%EA%B4%80%ED%95%B8%EB%93%9C%EB%B6%81%282020%EB%85%84%ED%8C%90%29.pdf,주철관(핸드북)001-091,24,not_extracted_candidate,관련 가능 반환; 우선 원연구·직접 결과 중심 범위에서 추가 원문 검토하지 않음,search_return_only,,search_records/HC-Q03.json#result-23,
search_return,HC-Q03,2026-09-14,web.search,한국 해수욕장 기상 열쾌적성 선호 관광 기후 지수 연구,https://arxiv.org/abs/1306.4306,Ballistic spreading of entanglement in a diffusive nonintegrable system,24,excluded_scope,제목/검색 맥락상 대상 물활동·환경 결과와 무관하거나 관광 홍보,search_return_only,,search_records/HC-Q03.json#result-24,
search_return,HC-Q04,2026-09-14,exa.search,category:research paper field surveys thermal comfort climate preferences beach tourists Rutty Scott 2014 2015,https://doi.org/10.1007/s00484-014-0820-x,Bioclimatic comfort and the thermal perceptions and preferences of beach tourists,8,linked_to_included_study,선정 연구의 검색 반환/서지 사본; 접근 단계는 별도 행 참조,search_return_only,HC-S03,search_records/HC-Q04.json#result-1,
search_return,HC-Q04,2026-09-14,exa.search,category:research paper field surveys thermal comfort climate preferences beach tourists Rutty Scott 2014 2015,https://doi.org/10.3354/cr01183,Differential climate preferences of international beach tourists,8,linked_to_included_study,선정 연구의 검색 반환/서지 사본; 접근 단계는 별도 행 참조,search_return_only,HC-S02,search_records/HC-Q04.json#result-2,
search_return,HC-Q04,2026-09-14,exa.search,category:research paper field surveys thermal comfort climate preferences beach tourists Rutty Scott 2014 2015,https://doi.org/10.1080/14616688.2014.932833,Thermal range of coastal tourism resort microclimates,8,linked_to_included_study,선정 연구의 검색 반환/서지 사본; 접근 단계는 별도 행 참조,search_return_only,HC-S13,search_records/HC-Q04.json#result-3,
search_return,HC-Q04,2026-09-14,exa.search,category:research paper field surveys thermal comfort climate preferences beach tourists Rutty Scott 2014 2015,https://www.kiphub.com/paper/61e50b35f3abe87e2df6350e,Bioclimatic comfort and the thermal perceptions and preferences of beach tourists. | Free PDF Download | Read Online - KipHub Scholarly,8,linked_to_included_study,선정 연구의 검색 반환/서지 사본; 접근 단계는 별도 행 참조,search_return_only,HC-S03,search_records/HC-Q04.json#result-4,
search_return,HC-Q04,2026-09-14,exa.search,category:research paper field surveys thermal comfort climate preferences beach tourists Rutty Scott 2014 2015,https://ams.confex.com/ams/ICB2014/webprogram/Paper254504.html,Abstract: Bioclimatic comfort of coastal tourists (20th International Congress of Biometeorology (28 September–2 October 2014)),8,duplicate_url,이미 반환된 URL; 독립 논문/표본으로 합산하지 않음,search_return_only,,search_records/HC-Q04.json#result-5,
search_return,HC-Q04,2026-09-14,exa.search,category:research paper field surveys thermal comfort climate preferences beach tourists Rutty Scott 2014 2015,http://hdl.handle.net/10012/8500,Weather and Climate for Coastal Tourism,8,not_extracted_candidate,관련 가능 반환; 우선 원연구·직접 결과 중심 범위에서 추가 원문 검토하지 않음,search_return_only,,search_records/HC-Q04.json#result-6,
search_return,HC-Q04,2026-09-14,exa.search,category:research paper field surveys thermal comfort climate preferences beach tourists Rutty Scott 2014 2015,https://dam-oclc.bac-lac.gc.ca/download?fileName=Rutty_Michelle.pdf&id=73bd3b1f-2c30-4b7c-90eb-77bae39a2646&is_thesis=1&oclc_number=892194174,[PDF] Weather and Climate for Coastal Tourism - bac-lac.gc.ca,8,not_extracted_candidate,관련 가능 반환; 우선 원연구·직접 결과 중심 범위에서 추가 원문 검토하지 않음,search_return_only,,search_records/HC-Q04.json#result-7,
search_return,HC-Q04,2026-09-14,exa.search,category:research paper field surveys thermal comfort climate preferences beach tourists Rutty Scott 2014 2015,https://d.docksci.com/bioclimatic-comfort-and-the-thermal-perceptions-and-preferences-of-beach-tourist_5af151a9d64ab2e14cc0260f.html,Bioclimatic comfort and the thermal perceptions and preferences of beach tourists. - PDF Download Free,8,linked_to_included_study,선정 연구의 검색 반환/서지 사본; 접근 단계는 별도 행 참조,search_return_only,HC-S03,search_records/HC-Q04.json#result-8,
search_return,HC-Q05,2026-09-14,exa.search,category:research paper Korea outdoor thermal comfort beach visitors weather temperature humidity field survey,https://www.koreascience.kr/article/JAKO201627037746173.page?lang=en,"Human Thermal Sensation and Comfort of Beach Areas in Summer - Woljeong-ri Beach, Gujwa-eup, Jeju-si, Jeju Special Self-Governing Province -
				-Journal of the Korean Institute of Landscape Architecture
			
		
	 | Korea Science",8,linked_to_included_study,선정 연구의 검색 반환/서지 사본; 접근 단계는 별도 행 참조,search_return_only,HC-S05,search_records/HC-Q05.json#result-1,
search_return,HC-Q05,2026-09-14,exa.search,category:research paper Korea outdoor thermal comfort beach visitors weather temperature humidity field survey,https://www.happycampus.com/paper-doc/32258334/,여름철 해변지역의 인간 열환경지수 및 열쾌적성 - 제주특별자치도 제주시 구좌읍 월정리 해변 - 논문,8,linked_to_included_study,선정 연구의 검색 반환/서지 사본; 접근 단계는 별도 행 참조,search_return_only,HC-S05,search_records/HC-Q05.json#result-2,
search_return,HC-Q05,2026-09-14,exa.search,category:research paper Korea outdoor thermal comfort beach visitors weather temperature humidity field survey,https://www.dbpia.co.kr/journal/articleDetail?nodeId=NODE11406968,기후변화가 해안 관광목적지에 미치는 영향 분석 - 해수욕장의 활동선호일수 및 침수지역 변화를 중심으로 - - 한국기후변화학회지 : 논문 | DBpia,8,not_extracted_candidate,관련 가능 반환; 우선 원연구·직접 결과 중심 범위에서 추가 원문 검토하지 않음,search_return_only,,search_records/HC-Q05.json#result-3,
search_return,HC-Q05,2026-09-14,exa.search,category:research paper Korea outdoor thermal comfort beach visitors weather temperature humidity field survey,https://doi.org/10.5194/egusphere-egu24-5058,The development of the Koreans&#8217; climatic index for tourism (KCIT),8,linked_to_included_study,선정 연구의 검색 반환/서지 사본; 접근 단계는 별도 행 참조,search_return_only,HC-S11,search_records/HC-Q05.json#result-4,
search_return,HC-Q05,2026-09-14,exa.search,category:research paper Korea outdoor thermal comfort beach visitors weather temperature humidity field survey,https://123dok.co/document/q2n6pdmp-thermal-sensation-comfort-summer-woljeong-special-governing-province.html,"Human Thermal Sensation and Comfort of Beach Areas in Summer - Woljeong-ri Beach, Gujwa-eup, Jeju-si, Jeju Special Self-Governing Province -",8,linked_to_included_study,선정 연구의 검색 반환/서지 사본; 접근 단계는 별도 행 참조,search_return_only,HC-S05,search_records/HC-Q05.json#result-5,
search_return,HC-Q05,2026-09-14,exa.search,category:research paper Korea outdoor thermal comfort beach visitors weather temperature humidity field survey,https://www.happycampus.com/paper-doc/30913551/,기상요소변화와 해변 관광객 유입간의 관계 분석 : 강릉지역을 중심으로 논문,8,linked_to_included_study,선정 연구의 검색 반환/서지 사본; 접근 단계는 별도 행 참조,search_return_only,KR-S01,search_records/HC-Q05.json#result-6,
search_return,HC-Q05,2026-09-14,exa.search,category:research paper Korea outdoor thermal comfort beach visitors weather temperature humidity field survey,http://sam.riss.kr/findThesisAnalysis.do?controlNo=102417886&docType=A,SAM 학술관계분석서비스,8,not_extracted_candidate,관련 가능 반환; 우선 원연구·직접 결과 중심 범위에서 추가 원문 검토하지 않음,search_return_only,,search_records/HC-Q05.json#result-7,
search_return,HC-Q05,2026-09-14,exa.search,category:research paper Korea outdoor thermal comfort beach visitors weather temperature humidity field survey,https://doi.org/10.3390/su9091535,Impact of Climate Change on the Preferred Season for Outdoor Water Activities,8,linked_to_included_study,선정 연구의 검색 반환/서지 사본; 접근 단계는 별도 행 참조,search_return_only,HC-S04,search_records/HC-Q05.json#result-8,
search_return,HC-Q06,2026-09-14,web.search,"""여름철 해변지역의 인간 열환경지수""",https://www.kci.go.kr/kciportal/ci/sereArticleSearch/ciSereArtiView.kci?sereArticleSearchBean.artiId=ART002141334,여름철 해변지역의 인간 열환경지수 및 열쾌적성 - 제주특별자치도 제주시 구좌읍 월정리 해변 -,12,linked_to_included_study,선정 연구의 검색 반환/서지 사본; 접근 단계는 별도 행 참조,search_return_only,HC-S05,search_records/HC-Q06.json#result-1,
search_return,HC-Q06,2026-09-14,web.search,"""여름철 해변지역의 인간 열환경지수""",https://kiss.kstudy.com/Detail/Ar?key=3470027,여름철 해변지역의 인간 열환경지수 및 열쾌적성-제주특별자치도 제주시 구좌읍 월정리 해변- - 한국조경학회지 - 한국조경학회 - KISS,12,linked_to_included_study,선정 연구의 검색 반환/서지 사본; 접근 단계는 별도 행 참조,search_return_only,HC-S05,search_records/HC-Q06.json#result-2,
search_return,HC-Q06,2026-09-14,web.search,"""여름철 해변지역의 인간 열환경지수""",https://www.auric.or.kr/user/Rdoc/DocCmag.aspx?dn=214462&returnVal=CMAG,여름철 해변지역의 인간 열환경지수 및 열쾌적성 - AURIC,12,linked_to_included_study,선정 연구의 검색 반환/서지 사본; 접근 단계는 별도 행 참조,search_return_only,HC-S05,search_records/HC-Q06.json#result-3,
search_return,HC-Q06,2026-09-14,web.search,"""여름철 해변지역의 인간 열환경지수""",https://www.kci.go.kr/kciportal/po/search/poSereArtiList.kci?sereId=000407&volIsseId=VOL000079547,KCI 국내학술지 인용색인 정보 포털입니다.,12,not_extracted_candidate,관련 가능 반환; 우선 원연구·직접 결과 중심 범위에서 추가 원문 검토하지 않음,search_return_only,,search_records/HC-Q06.json#result-4,
search_return,HC-Q06,2026-09-14,web.search,"""여름철 해변지역의 인간 열환경지수""",https://www.researchgate.net/publication/308663713_Human_Thermal_Sensation_and_Comfort_of_Beach_Areas_in_Summer_-_Woljeong-ri_Beach_Gujwa-eup_Jeju-si_Jeju_Special_Self-Governing_Province_-,"(PDF) Human Thermal Sensation and Comfort of Beach Areas in Summer - Woljeong-ri Beach, Gujwa-eup, Jeju-si, Jeju Special Self-Governing Province -",12,linked_to_included_study,선정 연구의 검색 반환/서지 사본; 접근 단계는 별도 행 참조,search_return_only,HC-S05,search_records/HC-Q06.json#result-5,
search_return,HC-Q06,2026-09-14,web.search,"""여름철 해변지역의 인간 열환경지수""",https://www.dbpia.co.kr/journal/articleDetail?nodeId=NODE09918988,여름철 해변지역의 인간 열환경지수 및 열쾌적성 - 제주특별자치도 제주시 구좌읍 월정리 해변 - - 논문 | DBpia,12,linked_to_included_study,선정 연구의 검색 반환/서지 사본; 접근 단계는 별도 행 참조,search_return_only,HC-S05,search_records/HC-Q06.json#result-6,
search_return,HC-Q06,2026-09-14,web.search,"""여름철 해변지역의 인간 열환경지수""",https://www.auric.or.kr/User/rdoc/RdocDirectoryStep3.aspx?dbname=CMAG&n=4&organCode2=kila01&yearmonth=201608,한국조경학회지 2016-08 (Vol.44 No.4) - AURIC,12,not_extracted_candidate,관련 가능 반환; 우선 원연구·직접 결과 중심 범위에서 추가 원문 검토하지 않음,search_return_only,,search_records/HC-Q06.json#result-7,
search_return,HC-Q06,2026-09-14,web.search,"""여름철 해변지역의 인간 열환경지수""",https://journal.koreangeography.or.kr/articles/article/WrJ2/,"Spatio-temporal Patterns and Long-term Trends of Apparent Temperature in Jeju Island, Korea",12,not_extracted_candidate,관련 가능 반환; 우선 원연구·직접 결과 중심 범위에서 추가 원문 검토하지 않음,search_return_only,,search_records/HC-Q06.json#result-8,
search_return,HC-Q06,2026-09-14,web.search,"""여름철 해변지역의 인간 열환경지수""",https://www.earticle.net/Search/Result?q=%EC%A1%B0%EC%83%81%EB%A7%8C&sf=3,검색결과 - earticle,12,excluded_listing,논문 자체가 아닌 목록/인물/검색/특집 페이지,search_return_only,,search_records/HC-Q06.json#result-9,
search_return,HC-Q06,2026-09-14,web.search,"""여름철 해변지역의 인간 열환경지수""",https://www.riss4u.net/search/detail/DetailView.do?control_no=0139aa79f27e546d&p_mat_type=3a11008f85f7c51d&v_control_no=7260daee419b6e72ffe0bdc3ef48d419,한국조경학회지|RISS 상세보기,12,not_extracted_candidate,관련 가능 반환; 우선 원연구·직접 결과 중심 범위에서 추가 원문 검토하지 않음,search_return_only,,search_records/HC-Q06.json#result-10,
search_return,HC-Q06,2026-09-14,web.search,"""여름철 해변지역의 인간 열환경지수""",https://www.riss.or.kr/search/detail/DetailView.do?control_no=024aad6b731cf4a0e9810257f7042666&p_mat_type=1a0202e37d52c72d,기상요소변화와 해변 관광객 유입간의 관계 분석 : 강릉지역을 중심으로|RISS 상세보기,12,linked_to_included_study,선정 연구의 검색 반환/서지 사본; 접근 단계는 별도 행 참조,search_return_only,KR-S01,search_records/HC-Q06.json#result-11,
search_return,HC-Q06,2026-09-14,web.search,"""여름철 해변지역의 인간 열환경지수""",https://www.riss4u.net/search/Search.do?colName=re_a_kor&isDetailSearch=Y&queryText=znCreator%2C%EB%B0%95%EC%88%98%EA%B5%AD&searchGubun=true,RISS 검색 - 국내학술지논문,12,not_extracted_candidate,관련 가능 반환; 우선 원연구·직접 결과 중심 범위에서 추가 원문 검토하지 않음,search_return_only,,search_records/HC-Q06.json#result-12,
search_return,HC-Q07,2026-09-14,web.search,"""Development of a data-driven weather index for beach parks tourism""",https://pubmed.ncbi.nlm.nih.gov/31522261/,Development of a data-driven weather index for beach parks tourism.,18,duplicate_url,이미 반환된 URL; 독립 논문/표본으로 합산하지 않음,search_return_only,HC-S06,search_records/HC-Q07.json#result-1,
search_return,HC-Q07,2026-09-14,web.search,"""Development of a data-driven weather index for beach parks tourism""",https://www.researchgate.net/publication/335823162_Development_of_a_data-driven_weather_index_for_beach_parks_tourism,Development of a data-driven weather index for beach parks tourism | Request PDF,18,linked_to_included_study,선정 연구의 검색 반환/서지 사본; 접근 단계는 별도 행 참조,search_return_only,HC-S06,search_records/HC-Q07.json#result-2,
search_return,HC-Q07,2026-09-14,web.search,"""Development of a data-driven weather index for beach parks tourism""",https://scimatic.org/biblio/47420,Development of a data-driven weather index for beach parks tourism.,18,linked_to_included_study,선정 연구의 검색 반환/서지 사본; 접근 단계는 별도 행 참조,search_return_only,HC-S06,search_records/HC-Q07.json#result-3,
search_return,HC-Q07,2026-09-14,web.search,"""Development of a data-driven weather index for beach parks tourism""",https://openresearch.surrey.ac.uk/esploro/outputs/journalArticle/Development-of-a-data-driven-weather-index/99817744502346?institution=44SUR_INST&recordUsage=false&skipUsageReporting=true,Development of a data-driven weather index for beach parks tourism - University of Surrey,18,linked_to_included_study,선정 연구의 검색 반환/서지 사본; 접근 단계는 별도 행 참조,search_return_only,HC-S06,search_records/HC-Q07.json#result-4,
search_return,HC-Q07,2026-09-14,web.search,"""Development of a data-driven weather index for beach parks tourism""",https://openurl.ebsco.com/results?bquery=AU+Andrey%2C+Jean&link_origin=&searchDescription=Andrey%2C+Jean&sid=ebsco%3Aocu%3Arecord,"Search Results | Scholarly Articles, Journals, and E-Books | EBSCOhost",18,excluded_listing,논문 자체가 아닌 목록/인물/검색/특집 페이지,search_return_only,,search_records/HC-Q07.json#result-5,
search_return,HC-Q07,2026-09-14,web.search,"""Development of a data-driven weather index for beach parks tourism""",https://doi.org/10.1080/13683500.2026.2644448,Full article: Weather and the business of visitor attractions: an organisational analysis using multi-level modelling,18,not_extracted_candidate,관련 가능 반환; 우선 원연구·직접 결과 중심 범위에서 추가 원문 검토하지 않음,search_return_only,,search_records/HC-Q07.json#result-6,
search_return,HC-Q07,2026-09-14,web.search,"""Development of a data-driven weather index for beach parks tourism""",https://pubmed.ncbi.nlm.nih.gov/33416950/,"Tourism climatology: past, present, and future.",18,duplicate_url,이미 반환된 URL; 독립 논문/표본으로 합산하지 않음,search_return_only,,search_records/HC-Q07.json#result-7,
search_return,HC-Q07,2026-09-14,web.search,"""Development of a data-driven weather index for beach parks tourism""",https://openalex.org/W2972528523,Development of a data-driven weather index for beach parks tourism,18,linked_to_included_study,선정 연구의 검색 반환/서지 사본; 접근 단계는 별도 행 참조,search_return_only,HC-S06,search_records/HC-Q07.json#result-8,
search_return,HC-Q07,2026-09-14,web.search,"""Development of a data-driven weather index for beach parks tourism""",https://openurl.ebsco.com/results?bquery=AU+Matthews%2C+Lindsay&link_origin=&searchDescription=Matthews%2C+Lindsay&sid=ebsco%3Aocu%3Arecord,"Search Results | Scholarly Articles, Journals, and E-Books | EBSCOhost",18,excluded_listing,논문 자체가 아닌 목록/인물/검색/특집 페이지,search_return_only,,search_records/HC-Q07.json#result-9,
search_return,HC-Q07,2026-09-14,web.search,"""Development of a data-driven weather index for beach parks tourism""",https://openurl.ebsco.com/results?bquery=DE+%22WIND+forecasting%22&link_origin=&searchDescription=WIND+forecasting&sid=ebsco%3Aocu%3Arecord,"Search Results | Scholarly Articles, Journals, and E-Books | EBSCOhost",18,excluded_listing,논문 자체가 아닌 목록/인물/검색/특집 페이지,search_return_only,,search_records/HC-Q07.json#result-10,
search_return,HC-Q07,2026-09-14,web.search,"""Development of a data-driven weather index for beach parks tourism""",https://onlinelibrary.wiley.com/doi/10.1155/2022/1806611,Artificial Intelligence Algorithms in Ice and Snow Tourism Promotion from Digital Technology - Wu - 2022 - Wireless Communications and Mobile Computing - Wiley Online Library,18,excluded_scope,제목/검색 맥락상 대상 물활동·환경 결과와 무관하거나 관광 홍보,search_return_only,,search_records/HC-Q07.json#result-11,
search_return,HC-Q07,2026-09-14,web.search,"""Development of a data-driven weather index for beach parks tourism""",https://iris.sena.edu.co/EDS/Search?dfApplied=1&filter%5B%5D=EXPAND%3A%22fulltext%22&filter%5B%5D=Journal%3A%22international+journal+of+biometeorology%22&lookfor=%22Tourism%22&type=SU,"Search Results - ""Tourism"" :: Library Catalog",18,excluded_listing,논문 자체가 아닌 목록/인물/검색/특집 페이지,search_return_only,,search_records/HC-Q07.json#result-12,
search_return,HC-Q07,2026-09-14,web.search,"""Development of a data-driven weather index for beach parks tourism""",https://www.tandfonline.com/doi/pdf/10.1080/09669582.2025.2557299,"Weather, climate change and business models: perspectives on future sustainability from heritage tou",18,not_extracted_candidate,관련 가능 반환; 우선 원연구·직접 결과 중심 범위에서 추가 원문 검토하지 않음,search_return_only,,search_records/HC-Q07.json#result-13,
search_return,HC-Q07,2026-09-14,web.search,"""Development of a data-driven weather index for beach parks tourism""",https://researchonline.ljmu.ac.uk/id/eprint/27962/1/Journal%20of%20Tourism%20Research%20-%202021%20-%20Bausch%20-%20How%20weather%20conditions%20affect%20guest%20arrivals%20and%20duration%20of%20stay%20%20An%20alpine.pdf,How weather conditions affect guest arrivals and duration of stay: An alpine destination case,18,not_extracted_candidate,관련 가능 반환; 우선 원연구·직접 결과 중심 범위에서 추가 원문 검토하지 않음,search_return_only,,search_records/HC-Q07.json#result-14,
search_return,HC-Q07,2026-09-14,web.search,"""Development of a data-driven weather index for beach parks tourism""",https://dergipark.org.tr/tr/download/article-file/2976675,"International Journal of Contemporary Tourism Research, 2022, 7(1), 9-24",18,not_extracted_candidate,관련 가능 반환; 우선 원연구·직접 결과 중심 범위에서 추가 원문 검토하지 않음,search_return_only,,search_records/HC-Q07.json#result-15,
search_return,HC-Q07,2026-09-14,web.search,"""Development of a data-driven weather index for beach parks tourism""",https://uwaterloo.ca/secretariat/sites/default/files/uploads/documents/the-cvs-link-to-page-x.pdf,Curricula Vitae – Future Cities 6,18,excluded_scope,제목/검색 맥락상 대상 물활동·환경 결과와 무관하거나 관광 홍보,search_return_only,,search_records/HC-Q07.json#result-16,
search_return,HC-Q07,2026-09-14,web.search,"""Development of a data-driven weather index for beach parks tourism""",https://wiredspace.wits.ac.za/bitstreams/3c37a250-d6df-472f-b55f-1be1cbf23bfa/download,Evaluating the climatic suitability for camping in South Africa: an application of the Camping Clima,18,not_extracted_candidate,관련 가능 반환; 우선 원연구·직접 결과 중심 범위에서 추가 원문 검토하지 않음,search_return_only,,search_records/HC-Q07.json#result-17,
search_return,HC-Q07,2026-09-14,web.search,"""Development of a data-driven weather index for beach parks tourism""",https://research.lpubatangas.edu.ph/wp-content/uploads/2021/10/m7721_ijrsm_final.pdf,Microsoft Word - m7721_final.doc,18,not_extracted_candidate,관련 가능 반환; 우선 원연구·직접 결과 중심 범위에서 추가 원문 검토하지 않음,search_return_only,,search_records/HC-Q07.json#result-18,
search_return,HC-Q08,2026-09-14,web.search,"""A second generation climate index for tourism"" specification verification",https://pubmed.ncbi.nlm.nih.gov/18097690/,A second generation climate index for tourism (CIT): specification and verification - PubMed,18,linked_to_included_study,선정 연구의 검색 반환/서지 사본; 접근 단계는 별도 행 참조,search_return_only,HC-S07,search_records/HC-Q08.json#result-1,
search_return,HC-Q08,2026-09-14,web.search,"""A second generation climate index for tourism"" specification verification",https://www.researchgate.net/publication/5750841_A_second_generation_climate_index_for_tourism_CIT_specification_and_verification,(PDF) A second generation climate index for tourism (CIT): specification and verification,18,linked_to_included_study,선정 연구의 검색 반환/서지 사본; 접근 단계는 별도 행 참조,search_return_only,HC-S07,search_records/HC-Q08.json#result-2,
search_return,HC-Q08,2026-09-14,web.search,"""A second generation climate index for tourism"" specification verification",https://scispace.com/papers/a-second-generation-climate-index-for-tourism-cit-46etpggwdn,A second generation climate index for tourism (CIT): specification and verification (2008) | C. R. de Freitas | 350 Citations,18,linked_to_included_study,선정 연구의 검색 반환/서지 사본; 접근 단계는 별도 행 참조,search_return_only,HC-S07,search_records/HC-Q08.json#result-3,
search_return,HC-Q08,2026-09-14,web.search,"""A second generation climate index for tourism"" specification verification",https://ouci.dntb.gov.ua/en/works/4YoJ00V9/,A second generation climate index for tourism (CIT): specification and verification,18,linked_to_included_study,선정 연구의 검색 반환/서지 사본; 접근 단계는 별도 행 참조,search_return_only,HC-S07,search_records/HC-Q08.json#result-4,
search_return,HC-Q08,2026-09-14,web.search,"""A second generation climate index for tourism"" specification verification",https://www.researchgate.net/publication/5750841_A_second_generation_climate_index_for_tourism_CIT_Specification_and_verification,(PDF) A second generation climate index for tourism (CIT): specification and verification,18,linked_to_included_study,선정 연구의 검색 반환/서지 사본; 접근 단계는 별도 행 참조,search_return_only,HC-S07,search_records/HC-Q08.json#result-5,
search_return,HC-Q08,2026-09-14,web.search,"""A second generation climate index for tourism"" specification verification",https://eurekamag.com/research/029/782/029782164.php,A second generation climate index for tourism (CIT): specification and verification,18,linked_to_included_study,선정 연구의 검색 반환/서지 사본; 접근 단계는 별도 행 참조,search_return_only,HC-S07,search_records/HC-Q08.json#result-6,
search_return,HC-Q08,2026-09-14,web.search,"""A second generation climate index for tourism"" specification verification",https://digitalnz.org/records/30214809,A second generation climate index for tourism (CIT): specification and verification | Record | DigitalNZ,18,linked_to_included_study,선정 연구의 검색 반환/서지 사본; 접근 단계는 별도 행 참조,search_return_only,HC-S07,search_records/HC-Q08.json#result-7,
search_return,HC-Q08,2026-09-14,web.search,"""A second generation climate index for tourism"" specification verification",https://documentsdelivered.com/source/002/797/002797867.php,A second generation climate index for tourism (CIT): specification and verification,18,linked_to_included_study,선정 연구의 검색 반환/서지 사본; 접근 단계는 별도 행 참조,search_return_only,HC-S07,search_records/HC-Q08.json#result-8,
search_return,HC-Q08,2026-09-14,web.search,"""A second generation climate index for tourism"" specification verification",https://openalex.org/W1983661972,A second generation climate index for tourism (CIT): specification and verification,18,linked_to_included_study,선정 연구의 검색 반환/서지 사본; 접근 단계는 별도 행 참조,search_return_only,HC-S07,search_records/HC-Q08.json#result-9,
search_return,HC-Q08,2026-09-14,web.search,"""A second generation climate index for tourism"" specification verification",https://scispace.com/papers/leveraging-the-benefits-of-a-multi-index-approach-in-3xuhuxyxtgsp,Leveraging the benefits of a multi-index approach in quantifying and classifying climatic suitability for tourism (2025) | Jennifer M. Fitchett,18,not_extracted_candidate,관련 가능 반환; 우선 원연구·직접 결과 중심 범위에서 추가 원문 검토하지 않음,search_return_only,,search_records/HC-Q08.json#result-10,
search_return,HC-Q08,2026-09-14,web.search,"""A second generation climate index for tourism"" specification verification",https://suppr.wilddata.cn/browses/detail/pubmed/18097690,第二代旅游气候指数（CIT）：规范与验证 - Suppr | 超能文献,18,not_extracted_candidate,관련 가능 반환; 우선 원연구·직접 결과 중심 범위에서 추가 원문 검토하지 않음,search_return_only,,search_records/HC-Q08.json#result-11,
search_return,HC-Q08,2026-09-14,web.search,"""A second generation climate index for tourism"" specification verification",https://www.researchgate.net/figure/Climate-index-for-tourism-CIT-rating-scale-and-interpretation-of-perceived-satisfaction_fig3_5750841,Climate index for tourism (CIT) rating scale and interpretation of... | Download Scientific Diagram,18,not_extracted_candidate,관련 가능 반환; 우선 원연구·직접 결과 중심 범위에서 추가 원문 검토하지 않음,search_return_only,,search_records/HC-Q08.json#result-12,
search_return,HC-Q08,2026-09-14,web.search,"""A second generation climate index for tourism"" specification verification",https://dast.data.compute.cci2.ecmwf.int/documents/sis-european-tourism/SIS_Tourism_ClimateSuitability_dataset_description_v1.pdf,Document Title,18,not_extracted_candidate,관련 가능 반환; 우선 원연구·직접 결과 중심 범위에서 추가 원문 검토하지 않음,search_return_only,,search_records/HC-Q08.json#result-13,
search_return,HC-Q08,2026-09-14,web.search,"""A second generation climate index for tourism"" specification verification",https://meteorologia.uib.es/ROMU/formal/assessment_tourism_Spain/assessment_tourism_Spain.pdf,Present and future climate potentials for several outdoor tourism activities in Spain,18,not_extracted_candidate,관련 가능 반환; 우선 원연구·직접 결과 중심 범위에서 추가 원문 검토하지 않음,search_return_only,,search_records/HC-Q08.json#result-14,
search_return,HC-Q08,2026-09-14,web.search,"""A second generation climate index for tourism"" specification verification",https://www.conama.org/conama/download/files/LIFEAdaptCalaMillor/D3.2_LIFE%20AdaptCalaMillor_2doi.pdf,D3.2_LIFE AdaptCalaMillor_2doi_.docx,18,not_extracted_candidate,관련 가능 반환; 우선 원연구·직접 결과 중심 범위에서 추가 원문 검토하지 않음,search_return_only,,search_records/HC-Q08.json#result-15,
search_return,HC-Q08,2026-09-14,web.search,"""A second generation climate index for tourism"" specification verification",https://rcc.cimh.edu.bb/files/2021/03/Final-Feasibility-Report_Consultancy-to-Develop-Climate-Products-and-Services-for-the-Caribbean-Tourism-Industry.pdf,Final title here...,18,not_extracted_candidate,관련 가능 반환; 우선 원연구·직접 결과 중심 범위에서 추가 원문 검토하지 않음,search_return_only,,search_records/HC-Q08.json#result-16,
search_return,HC-Q08,2026-09-14,web.search,"""A second generation climate index for tourism"" specification verification",https://dspace.uib.es/xmlui/bitstream/handle/11201/149393/Aon%20Waqas%20Awan_TESIS%20DEF.pdf?isAllowed=y&sequence=1,"de Freitas, C. R., Scott, D., and McBoyle, G. (2008). A second generation climate index for tourism (CIT): specification and verification. *International Journal of Biometeorology*, 52(5), 399-407.",18,linked_to_included_study,선정 연구의 검색 반환/서지 사본; 접근 단계는 별도 행 참조,search_return_only,HC-S07,search_records/HC-Q08.json#result-17,
search_return,HC-Q08,2026-09-14,web.search,"""A second generation climate index for tourism"" specification verification",https://dspace.uib.es/xmlui/bitstream/handle/11201/167507/Forteza_Bauza_Natalia.pdf?isAllowed=y&sequence=1,5.References,18,not_extracted_candidate,관련 가능 반환; 우선 원연구·직접 결과 중심 범위에서 추가 원문 검토하지 않음,search_return_only,,search_records/HC-Q08.json#result-18,
search_return,HC-Q09,2026-09-14,web.search,"""The Tourism Climate Index"" Mieczkowski 1985",https://www.sciencedirect.com/science/article/pii/S0261517720300315,"The Camping Climate Index (CCI): The development, validation, and application of a camping-sector tourism climate index - ScienceDirect",18,not_extracted_candidate,관련 가능 반환; 우선 원연구·직접 결과 중심 범위에서 추가 원문 검토하지 않음,search_return_only,,search_records/HC-Q09.json#result-1,
search_return,HC-Q09,2026-09-14,web.search,"""The Tourism Climate Index"" Mieczkowski 1985",https://ipc.sabanciuniv.edu/Content/Images/CKeditorImages/20200326-01030196.pdf,"The data from the aforementioned selected meteorology stations has been assessed using the Tourism Climate Index – TCI (Mieczkowski, 1985). This index determines climate comfort conditions in order to understand the effects of climate on tourist flows and establish what is considered as the tourism season. This index is the most commonly integrated index. The climate factors considered in the index are sunshine duration, temperature, relative humidity, precipitation, and wind.",18,excluded_scope,제목/검색 맥락상 대상 물활동·환경 결과와 무관하거나 관광 홍보,search_return_only,,search_records/HC-Q09.json#result-2,
search_return,HC-Q09,2026-09-14,web.search,"""The Tourism Climate Index"" Mieczkowski 1985",https://www.mdpi.com/2073-4433/6/2/183,National Assessment of Climate Resources for Tourism Seasonality in China Using the Tourism Climate Index,18,not_extracted_candidate,관련 가능 반환; 우선 원연구·직접 결과 중심 범위에서 추가 원문 검토하지 않음,search_return_only,,search_records/HC-Q09.json#result-3,
search_return,HC-Q09,2026-09-14,web.search,"""The Tourism Climate Index"" Mieczkowski 1985",https://pubmed.ncbi.nlm.nih.gov/33416950/,"Tourism climatology: past, present, and future.",18,duplicate_url,이미 반환된 URL; 독립 논문/표본으로 합산하지 않음,search_return_only,,search_records/HC-Q09.json#result-4,
search_return,HC-Q09,2026-09-14,web.search,"""The Tourism Climate Index"" Mieczkowski 1985",https://klimatolodzy.pl/index.php/pl/baza-wiedzy/wskazniki-klimatyczne/tci,TCI,18,not_extracted_candidate,관련 가능 반환; 우선 원연구·직접 결과 중심 범위에서 추가 원문 검토하지 않음,search_return_only,,search_records/HC-Q09.json#result-5,
search_return,HC-Q09,2026-09-14,web.search,"""The Tourism Climate Index"" Mieczkowski 1985",https://www.sciencedirect.com/science/article/pii/S0169809522003076,Climatology and trend of tourism climate index over China during 1979–2020 - ScienceDirect,18,not_extracted_candidate,관련 가능 반환; 우선 원연구·직접 결과 중심 범위에서 추가 원문 검토하지 않음,search_return_only,,search_records/HC-Q09.json#result-6,
search_return,HC-Q09,2026-09-14,web.search,"""The Tourism Climate Index"" Mieczkowski 1985",https://www.tandfonline.com/doi/full/10.1080/09669582.2025.2573708,Full article: Tourism dependency and extreme weather: developing tourism extreme weather exposure indices for Denmark,18,not_extracted_candidate,관련 가능 반환; 우선 원연구·직접 결과 중심 범위에서 추가 원문 검토하지 않음,search_return_only,,search_records/HC-Q09.json#result-7,
search_return,HC-Q09,2026-09-14,web.search,"""The Tourism Climate Index"" Mieczkowski 1985",https://www.sciencedirect.com/science/article/pii/S0261517715000138,Risk assessment of precipitation and the tourism climate index - ScienceDirect,18,not_extracted_candidate,관련 가능 반환; 우선 원연구·직접 결과 중심 범위에서 추가 원문 검토하지 않음,search_return_only,,search_records/HC-Q09.json#result-8,
search_return,HC-Q09,2026-09-14,web.search,"""The Tourism Climate Index"" Mieczkowski 1985",https://www.tandfonline.com/doi/abs/10.1080/13683500.2020.1825351,"Full article: Climate change, coastal tourism, and impact chains – a literature review",18,not_extracted_candidate,관련 가능 반환; 우선 원연구·직접 결과 중심 범위에서 추가 원문 검토하지 않음,search_return_only,,search_records/HC-Q09.json#result-9,
search_return,HC-Q09,2026-09-14,web.search,"""The Tourism Climate Index"" Mieczkowski 1985",https://tourismemory.org/tourism-climatology,Tourism Climatology,18,not_extracted_candidate,관련 가능 반환; 우선 원연구·직접 결과 중심 범위에서 추가 원문 검토하지 않음,search_return_only,,search_records/HC-Q09.json#result-10,
search_return,HC-Q09,2026-09-14,web.search,"""The Tourism Climate Index"" Mieczkowski 1985",https://www.scirp.org/reference/referencespapers?referenceid=1076162,"Z. Mieczkowski, “The Tourism Climate Index A Method for Evaluating World Climates for Tourism,” The Canadian Geographer, Vol. 29, 1985, pp. 220-233. - References - Scientific Research Publishing",18,excluded_scope,제목/검색 맥락상 대상 물활동·환경 결과와 무관하거나 관광 홍보,search_return_only,,search_records/HC-Q09.json#result-11,
search_return,HC-Q09,2026-09-14,web.search,"""The Tourism Climate Index"" Mieczkowski 1985",https://core.ac.uk/download/pdf/144146611.pdf,Comparing the ‘Tourism Climate Index’ and,18,not_extracted_candidate,관련 가능 반환; 우선 원연구·직접 결과 중심 범위에서 추가 원문 검토하지 않음,search_return_only,,search_records/HC-Q09.json#result-12,
search_return,HC-Q09,2026-09-14,web.search,"""The Tourism Climate Index"" Mieczkowski 1985",https://onlinelibrary.wiley.com/doi/10.1155/adme/4402780,Quantitative Analysis of Tourism Climate Comfort in the DPRK Using Tourism Climate Index (TCI): A Validation With In Situ Observations - Jo - 2026 - Advances in Meteorology - Wiley Online Library,18,not_extracted_candidate,관련 가능 반환; 우선 원연구·직접 결과 중심 범위에서 추가 원문 검토하지 않음,search_return_only,,search_records/HC-Q09.json#result-13,
search_return,HC-Q09,2026-09-14,web.search,"""The Tourism Climate Index"" Mieczkowski 1985",https://journal.gnest.org/sites/default/files/Submissions/gnest_02435/gnest_02435_published.pdf,"of Mieczkowski (1985), who developed the ‘Tourism Climate Index’ (TCI). Mieczkowski’s (1985) index was designed to use climate data that was already widely available for tourist destinations worldwide. The TCI merges seven features of climate into a single climate index. The TCI was originally conceptualized as a composite measure that would systematically assess the climatic elements that were most relevant to the quality of the tourist experience for the ‘average’ tourist (i.e., the most common tourism activities of sightseeing and shopping). TCI has subsequently been used in a slightly modified form by Morgan et al., (2000) for beach environments, and in a number of recent studies that assess the potential impact of global climate change on the climate resources of destinations around the world (Scott and McBoyle, 2001; Scott et al., 2003; Amelung and Viner, 2006). In Iran, several researchers analyzed and calculated TCI. Farajzadeh and Matzarakis, (2009) computed PET and TCI in the northwest of Iran in the period 1985- 2005 from a network of 15 meteorological stations. There are a number of research about investigation of climate change impacts on tourism by using different bioclimatic indices such as (Yazdanpanah et al., 2016; Amelung et al., 2014; Amelung et al., 2007; Hamilton et al., 2005; Scott et al., 2004; Hamilton et al., 2004). Nasirihendkhaleh et al., (2014) evaluated and separated Fars province (south-central Iran) touristic climate using TCI and GIS framework. Esmaili and Fallah Ghalhari, (2014) evaluated the bio-climatic conditions of the tourists in Mashhad (northeast of Iran), through the use of PET index on an hourly scale. Morris et al. (2017) considered the impact of urbanization level on the interactions of the urban area, the urban climate, and human thermal comfort. Andelković et al., (2016) proposed a new mathematical formulation of climate parameters for calculating the tourism climate comfort index (TCCI) and determined the appropriate destinations and favorable resorts for tourists in each month in Serbia. Cohen, (2013) studied the perception of human thermal sensation for Coastal Mediterranean outdoor urban environments by using a bioclimatic index. The aim of this paper is an investigation of climate change impacts on bioclimatic conditions for tourism in Iran for the baseline and future periods. In addition, this paper aimed to apply the TCI developed by Mieczkowski, (1985) and provide a comprehensive information source for the most suitable time periods, per region, for outdoor activities. It was the first attempt to use this index for the entire country. For this purpose, a user-friendly and multi-platform software was designed in JAVA programming language. This software is consonant with the format of Islamic Republic of Iran’s Meteorological Organization (IRIMO) database. Finally, multiple regression models were used to determine the relationship between the geographic component such as latitude, longitude, elevation, and TCI and spatial analysis of TCI values.",18,excluded_scope,제목/검색 맥락상 대상 물활동·환경 결과와 무관하거나 관광 홍보,search_return_only,,search_records/HC-Q09.json#result-14,
search_return,HC-Q09,2026-09-14,web.search,"""The Tourism Climate Index"" Mieczkowski 1985",https://www.researchgate.net/figure/Tourism-Climatic-Index-rating-system-Mieczkowski-1985_tbl3_275020435,"Tourism Climatic Index rating system (Mieczkowski, 1985) | Download Table",18,excluded_scope,제목/검색 맥락상 대상 물활동·환경 결과와 무관하거나 관광 홍보,search_return_only,,search_records/HC-Q09.json#result-15,
search_return,HC-Q09,2026-09-14,web.search,"""The Tourism Climate Index"" Mieczkowski 1985",https://web.itu.edu.tr/toros/yayinlar/2019/AMonthlyAssessmentofHumanBioclimaticComfortConditionsinIstanbul.pdf,"Mieczkowski Z. (1985), *The tourism climatic index: a method of evaluating world climates for tourism*, Canadian Geographer/Le Géographe Canadien, 29(3), 220-233.",18,linked_to_included_study,선정 연구의 검색 반환/서지 사본; 접근 단계는 별도 행 참조,search_return_only,HC-S08,search_records/HC-Q09.json#result-16,
search_return,HC-Q09,2026-09-14,web.search,"""The Tourism Climate Index"" Mieczkowski 1985",https://repositoriodigital.uns.edu.ar/bitstream/handle/123456789/7288/TANANA%20A.T_%20TESIS_firmado%20%282%29.pdf?isAllowed=y&sequence=1,"Mieczkowski, Z. (1985). The Tourism Climate Index: A method of evaluating world climates for tourism. *The Canadian Geographer*, 29(3), 220–233.",18,excluded_scope,제목/검색 맥락상 대상 물활동·환경 결과와 무관하거나 관광 홍보,search_return_only,,search_records/HC-Q09.json#result-17,
search_return,HC-Q09,2026-09-14,web.search,"""The Tourism Climate Index"" Mieczkowski 1985",https://en.wikipedia.org/wiki/Climate_change_in_Greece,Climate change in Greece,18,not_extracted_candidate,관련 가능 반환; 우선 원연구·직접 결과 중심 범위에서 추가 원문 검토하지 않음,search_return_only,,search_records/HC-Q09.json#result-18,
search_return,HC-Q10,2026-09-14,web.search,"""Human Thermal Sensation and Comfort of Beach Areas in Summer"" pdf",https://www.researchgate.net/publication/308663713_Human_Thermal_Sensation_and_Comfort_of_Beach_Areas_in_Summer_-_Woljeong-ri_Beach_Gujwa-eup_Jeju-si_Jeju_Special_Self-Governing_Province_-,"(PDF) Human Thermal Sensation and Comfort of Beach Areas in Summer - Woljeong-ri Beach, Gujwa-eup, Jeju-si, Jeju Special Self-Governing Province -",12,duplicate_url,이미 반환된 URL; 독립 논문/표본으로 합산하지 않음,search_return_only,HC-S05,search_records/HC-Q10.json#result-1,
search_return,HC-Q10,2026-09-14,web.search,"""Human Thermal Sensation and Comfort of Beach Areas in Summer"" pdf",https://www.kci.go.kr/kciportal/ci/sereArticleSearch/ciSereArtiView.kci?sereArticleSearchBean.artiId=ART002141334,여름철 해변지역의 인간 열환경지수 및 열쾌적성 - 제주특별자치도 제주시 구좌읍 월정리 해변 -,12,duplicate_url,이미 반환된 URL; 독립 논문/표본으로 합산하지 않음,search_return_only,HC-S05,search_records/HC-Q10.json#result-2,
search_return,HC-Q10,2026-09-14,web.search,"""Human Thermal Sensation and Comfort of Beach Areas in Summer"" pdf",https://www.auric.or.kr/user/Rdoc/DocCmag.aspx?dn=214462&returnVal=CMAG,여름철 해변지역의 인간 열환경지수 및 열쾌적성 - AURIC,12,duplicate_url,이미 반환된 URL; 독립 논문/표본으로 합산하지 않음,search_return_only,HC-S05,search_records/HC-Q10.json#result-3,
search_return,HC-Q10,2026-09-14,web.search,"""Human Thermal Sensation and Comfort of Beach Areas in Summer"" pdf",https://hort.jejunu.ac.kr/hort/index/professor/professorinfo.htm,교수진소개 - 제주대학교 원예과학전공,12,excluded_listing,논문 자체가 아닌 목록/인물/검색/특집 페이지,search_return_only,,search_records/HC-Q10.json#result-4,
search_return,HC-Q10,2026-09-14,web.search,"""Human Thermal Sensation and Comfort of Beach Areas in Summer"" pdf",https://www.researchgate.net/scientific-contributions/Sangman-Jo-2115832010,Sangman Jo's research works | Jeju National University and other places,12,not_extracted_candidate,관련 가능 반환; 우선 원연구·직접 결과 중심 범위에서 추가 원문 검토하지 않음,search_return_only,,search_records/HC-Q10.json#result-5,
search_return,HC-Q10,2026-09-14,web.search,"""Human Thermal Sensation and Comfort of Beach Areas in Summer"" pdf",https://www.researchgate.net/profile/Sookuk-Park,"Sookuk PARK | Professor | PhD | Horticultural Science, College of Applied Life Sciences | Research profile",12,excluded_listing,논문 자체가 아닌 목록/인물/검색/특집 페이지,search_return_only,,search_records/HC-Q10.json#result-6,
search_return,HC-Q10,2026-09-14,web.search,"""Human Thermal Sensation and Comfort of Beach Areas in Summer"" pdf",https://dbpia.co.kr/journal/articleDetail?nodeId=NODE09918988,여름철 해변지역의 인간 열환경지수 및 열쾌적성 - 제주특별자치도 제주시 구좌읍 월정리 해변 - - 한국조경학회지 : 논문 | DBpia,12,linked_to_included_study,선정 연구의 검색 반환/서지 사본; 접근 단계는 별도 행 참조,search_return_only,HC-S05,search_records/HC-Q10.json#result-7,
search_return,HC-Q10,2026-09-14,web.search,"""Human Thermal Sensation and Comfort of Beach Areas in Summer"" pdf",https://www.researchgate.net/publication/264022836_A_Study_of_the_Development_of_a_Korea_Wind_Chill_Temperature_IndexIII_-_Principal_Experiment_for_Development_of_the_Korea_Wind_Chill_Temperature_Index_-,(PDF) A Study of the Development of a Korea Wind Chill Temperature Index(III) - Principal Experiment for Development of the Korea Wind Chill Temperature Index -,12,not_extracted_candidate,관련 가능 반환; 우선 원연구·직접 결과 중심 범위에서 추가 원문 검토하지 않음,search_return_only,,search_records/HC-Q10.json#result-8,
search_return,HC-Q10,2026-09-14,web.search,"""Human Thermal Sensation and Comfort of Beach Areas in Summer"" pdf",https://www.researchgate.net/publication/264152267_A_Study_on_Greenspace_Planning_Strategies_for_Thermal_Comfort_and_Energy_Savings,A Study on Greenspace Planning Strategies for Thermal Comfort and Energy Savings,12,not_extracted_candidate,관련 가능 반환; 우선 원연구·직접 결과 중심 범위에서 추가 원문 검토하지 않음,search_return_only,,search_records/HC-Q10.json#result-9,
search_return,HC-Q10,2026-09-14,web.search,"""Human Thermal Sensation and Comfort of Beach Areas in Summer"" pdf",https://www.riss4u.net/search/Search.do?colName=re_a_kor&isDetailSearch=Y&queryText=znCreator%2C%EB%B0%95%EC%88%98%EA%B5%AD&searchGubun=true,RISS 검색 - 국내학술지논문,12,duplicate_url,이미 반환된 URL; 독립 논문/표본으로 합산하지 않음,search_return_only,,search_records/HC-Q10.json#result-10,
search_return,HC-Q10,2026-09-14,web.search,"""Human Thermal Sensation and Comfort of Beach Areas in Summer"" pdf",https://journal.kci.go.kr/JAKG/archive/articleView?artiId=ART002338520,"Spatio-temporal Patterns and Long-term Trends of Apparent Temperature in Jeju Island, Korea (제주도 지역 체감온도의 시･공간적 분포 특징과 장기간 변화 경향)",12,not_extracted_candidate,관련 가능 반환; 우선 원연구·직접 결과 중심 범위에서 추가 원문 검토하지 않음,search_return_only,,search_records/HC-Q10.json#result-11,
search_return,HC-Q10,2026-09-14,web.search,"""Human Thermal Sensation and Comfort of Beach Areas in Summer"" pdf",https://eurekamag.com/research/080/176/080176513.php,"Beach showers as sources of contamination for sunscreen pollution in marine protected areas and areas of intensive beach tourism in Hawaii, USA",12,not_extracted_candidate,관련 가능 반환; 우선 원연구·직접 결과 중심 범위에서 추가 원문 검토하지 않음,search_return_only,,search_records/HC-Q10.json#result-12,
search_return,HC-Q11,2026-09-14,web.search,"""beach walking"" ""climatic index"" Korea 2025 2026",https://meetingorganizer.copernicus.org/EGU24/EGU24-5058.html,Abstract EGU24-5058,11,linked_to_included_study,선정 연구의 검색 반환/서지 사본; 접근 단계는 별도 행 참조,search_return_only,HC-S11,search_records/HC-Q11.json#result-1,
search_return,HC-Q11,2026-09-14,web.search,"""beach walking"" ""climatic index"" Korea 2025 2026",https://meetingorganizer.copernicus.org/EGU24/session/49167,Session CL2.5,11,not_extracted_candidate,관련 가능 반환; 우선 원연구·직접 결과 중심 범위에서 추가 원문 검토하지 않음,search_return_only,,search_records/HC-Q11.json#result-2,
search_return,HC-Q11,2026-09-14,web.search,"""beach walking"" ""climatic index"" Korea 2025 2026",https://hikersbay.com/travel-informations/bulgaria/bulgariasunnybeach/sunny-beach-tourist-information.html?lang=en,"Sunny Beach, Bulgaria Travel Information 2026: Safety, Healthcare, Transport, Prices and Air Quality",11,not_extracted_candidate,관련 가능 반환; 우선 원연구·직접 결과 중심 범위에서 추가 원문 검토하지 않음,search_return_only,,search_records/HC-Q11.json#result-3,
search_return,HC-Q11,2026-09-14,web.search,"""beach walking"" ""climatic index"" Korea 2025 2026",https://www.clipzui.cc/?q=%23antalya,"#ANTALYA - Download Mp4, M4a, Webm for Free!",11,not_extracted_candidate,관련 가능 반환; 우선 원연구·직접 결과 중심 범위에서 추가 원문 검토하지 않음,search_return_only,,search_records/HC-Q11.json#result-4,
search_return,HC-Q11,2026-09-14,web.search,"""beach walking"" ""climatic index"" Korea 2025 2026",https://www.nature.com/articles/s41467-025-65373-z,Predicting human mobility flows in cities using deep learning on satellite imagery | Nature Communications,11,not_extracted_candidate,관련 가능 반환; 우선 원연구·직접 결과 중심 범위에서 추가 원문 검토하지 않음,search_return_only,,search_records/HC-Q11.json#result-5,
search_return,HC-Q11,2026-09-14,web.search,"""beach walking"" ""climatic index"" Korea 2025 2026",https://pmc.ncbi.nlm.nih.gov/articles/PMC11668498/,New York State Climate Impacts Assessment Chapter 09: Transportation - PMC,11,not_extracted_candidate,관련 가능 반환; 우선 원연구·직접 결과 중심 범위에서 추가 원문 검토하지 않음,search_return_only,,search_records/HC-Q11.json#result-6,
search_return,HC-Q11,2026-09-14,web.search,"""beach walking"" ""climatic index"" Korea 2025 2026",https://costoflivingusa.com/best-places-to-retire-in-america/near-the-beach/,Best Beach Towns to Retire In — Affordable Coastal 2026,11,excluded_scope,제목/검색 맥락상 대상 물활동·환경 결과와 무관하거나 관광 홍보,search_return_only,,search_records/HC-Q11.json#result-7,
search_return,HC-Q11,2026-09-14,web.search,"""beach walking"" ""climatic index"" Korea 2025 2026",https://pt.scribd.com/document/883520432/Namma-Kalvi-12th-English-Drill-Book-Surya-Publications,English Drill Book for Class 12 | PDF | Plural | English Language,11,excluded_scope,제목/검색 맥락상 대상 물활동·환경 결과와 무관하거나 관광 홍보,search_return_only,,search_records/HC-Q11.json#result-8,
search_return,HC-Q11,2026-09-14,web.search,"""beach walking"" ""climatic index"" Korea 2025 2026",https://pmc.ncbi.nlm.nih.gov/articles/PMC13337431/,The use of outdoor environments in school-based physical education: a scoping review - PMC,11,not_extracted_candidate,관련 가능 반환; 우선 원연구·직접 결과 중심 범위에서 추가 원문 검토하지 않음,search_return_only,,search_records/HC-Q11.json#result-9,
search_return,HC-Q11,2026-09-14,web.search,"""beach walking"" ""climatic index"" Korea 2025 2026",https://pt.scribd.com/document/475075573/02-Borrador-del-II-WOA-Completo-479-851-pdf,Borrador Del II WOA - Completo-479-851 PDF | PDF | Ocean Acidification | Tropical Cyclones,11,not_extracted_candidate,관련 가능 반환; 우선 원연구·직접 결과 중심 범위에서 추가 원문 검토하지 않음,search_return_only,,search_records/HC-Q11.json#result-10,
search_return,HC-Q11,2026-09-14,web.search,"""beach walking"" ""climatic index"" Korea 2025 2026",https://bymapandcompass.com/tag/glenn-burns/,Glenn Burns | by map and compass,11,excluded_scope,제목/검색 맥락상 대상 물활동·환경 결과와 무관하거나 관광 홍보,search_return_only,,search_records/HC-Q11.json#result-11,
search_return,HC-Q12,2026-09-14,web.search,"""beach"" ""observed"" ""climate preference"" swimming 2024 2025 2026 validation",https://www.mdpi.com/2073-4433/11/4/412,An Inter-Comparison of the Holiday Climate Index (HCI:Beach) and the Tourism Climate Index (TCI) to Explain Canadian Tourism Arrivals to the Caribbean | MDPI,15,linked_to_included_study,선정 연구의 검색 반환/서지 사본; 접근 단계는 별도 행 참조,search_return_only,HC-S01,search_records/HC-Q12.json#result-1,
search_return,HC-Q12,2026-09-14,web.search,"""beach"" ""observed"" ""climate preference"" swimming 2024 2025 2026 validation",https://res.mdpi.com/d_attachment/atmosphere/atmosphere-11-00412/article_deploy/atmosphere-11-00412.pdf,An Inter-Comparison of the Holi,15,linked_to_included_study,선정 연구의 검색 반환/서지 사본; 접근 단계는 별도 행 참조,search_return_only,HC-S01,search_records/HC-Q12.json#result-2,
search_return,HC-Q12,2026-09-14,web.search,"""beach"" ""observed"" ""climate preference"" swimming 2024 2025 2026 validation",https://www.nature.com/articles/s41598-023-28544-w,Applying an ecosystem services framework on nature and mental health to recreational blue space visits across 18 countries | Scientific Reports,15,not_extracted_candidate,관련 가능 반환; 우선 원연구·직접 결과 중심 범위에서 추가 원문 검토하지 않음,search_return_only,,search_records/HC-Q12.json#result-3,
search_return,HC-Q12,2026-09-14,web.search,"""beach"" ""observed"" ""climate preference"" swimming 2024 2025 2026 validation",https://www.frontiersin.org/journals/public-health/articles/10.3389/fpubh.2026.1836657/full,Frontiers | Nonlinear effects of climate change on outdoor activities and potential feedback pathways: a systematic review,15,linked_to_included_study,선정 연구의 검색 반환/서지 사본; 접근 단계는 별도 행 참조,search_return_only,HC-S12,search_records/HC-Q12.json#result-4,
search_return,HC-Q12,2026-09-14,web.search,"""beach"" ""observed"" ""climate preference"" swimming 2024 2025 2026 validation",https://pmc.ncbi.nlm.nih.gov/articles/PMC7406217/,A comparison of the holiday climate index:beach and the tourism climate index across coastal destinations in China - PMC,15,duplicate_url,이미 반환된 URL; 독립 논문/표본으로 합산하지 않음,search_return_only,HC-S10,search_records/HC-Q12.json#result-5,
search_return,HC-Q12,2026-09-14,web.search,"""beach"" ""observed"" ""climate preference"" swimming 2024 2025 2026 validation",https://www.researchgate.net/publication/316882575_Differences_in_the_importance_of_weather_and_weather-based_decisions_among_campers_in_Ontario_parks_Canada,(PDF) Differences in the importance of weather and weather-based decisions among campers in Ontario parks (Canada),15,not_extracted_candidate,관련 가능 반환; 우선 원연구·직접 결과 중심 범위에서 추가 원문 검토하지 않음,search_return_only,,search_records/HC-Q12.json#result-6,
search_return,HC-Q12,2026-09-14,web.search,"""beach"" ""observed"" ""climate preference"" swimming 2024 2025 2026 validation",https://www.researchgate.net/publication/233758650_Developments_in_Tourism_Climatology,(PDF) Developments in Tourism Climatology,15,not_extracted_candidate,관련 가능 반환; 우선 원연구·직접 결과 중심 범위에서 추가 원문 검토하지 않음,search_return_only,,search_records/HC-Q12.json#result-7,
search_return,HC-Q12,2026-09-14,web.search,"""beach"" ""observed"" ""climate preference"" swimming 2024 2025 2026 validation",https://www.asg.ed.tum.de/en/asg/research-and-innovation/publications/,Publications - Department of Aerospace and Geodesy,15,not_extracted_candidate,관련 가능 반환; 우선 원연구·직접 결과 중심 범위에서 추가 원문 검토하지 않음,search_return_only,,search_records/HC-Q12.json#result-8,
search_return,HC-Q12,2026-09-14,web.search,"""beach"" ""observed"" ""climate preference"" swimming 2024 2025 2026 validation",https://ipc.sabanciuniv.edu/Content/Images/CKeditorImages/20200326-01035115.pdf,"PROCEEDINGS OF THE 4TH INTERNATIONAL CONFERENCE ON CLIMATE, TOURISM AND RECREATION - CCTR2015",15,not_extracted_candidate,관련 가능 반환; 우선 원연구·직접 결과 중심 범위에서 추가 원문 검토하지 않음,search_return_only,,search_records/HC-Q12.json#result-9,
search_return,HC-Q12,2026-09-14,web.search,"""beach"" ""observed"" ""climate preference"" swimming 2024 2025 2026 validation",https://www.scribd.com/document/817382942/An-Inter-Comparison-of-the-Holiday-Climate-Index-and-the-Tourism-Climate-Index-to-Explain-Canadian-Tourism-Arrivals-to-the-Caribbean,Climate Indices for Caribbean Tourism | PDF | Tourism | Climate,15,not_extracted_candidate,관련 가능 반환; 우선 원연구·직접 결과 중심 범위에서 추가 원문 검토하지 않음,search_return_only,,search_records/HC-Q12.json#result-10,
search_return,HC-Q12,2026-09-14,web.search,"""beach"" ""observed"" ""climate preference"" swimming 2024 2025 2026 validation",https://doi.org/10.3389/fpubh.2026.1836657,Frontiers | Nonlinear effects of climate change on outdoor activities and potential feedback pathways: a systematic review,15,linked_to_included_study,선정 연구의 검색 반환/서지 사본; 접근 단계는 별도 행 참조,search_return_only,HC-S12,search_records/HC-Q12.json#result-11,
search_return,HC-Q12,2026-09-14,web.search,"""beach"" ""observed"" ""climate preference"" swimming 2024 2025 2026 validation",https://independent.academia.edu/MichelleRutty,Michelle Rutty - Research Profile - Research Papers,15,excluded_listing,논문 자체가 아닌 목록/인물/검색/특집 페이지,search_return_only,,search_records/HC-Q12.json#result-12,
search_return,HC-Q12,2026-09-14,web.search,"""beach"" ""observed"" ""climate preference"" swimming 2024 2025 2026 validation",https://www.researchgate.net/publication/402064260_Quantifying_climate_comfort_sensitivity_for_urban_and_beach_tourism_in_China_An_HCI-based_attribution_analysis,Quantifying climate comfort sensitivity for urban and beach tourism in China: An HCI-based attribution analysis | Request PDF,15,not_extracted_candidate,관련 가능 반환; 우선 원연구·직접 결과 중심 범위에서 추가 원문 검토하지 않음,search_return_only,,search_records/HC-Q12.json#result-13,
search_return,HC-Q12,2026-09-14,web.search,"""beach"" ""observed"" ""climate preference"" swimming 2024 2025 2026 validation",https://www.scribd.com/document/311132511/ProceedingsRaporENG-10-11-15-web,Climate Impact on Tourism Insights | PDF | Tourism | Climate,15,not_extracted_candidate,관련 가능 반환; 우선 원연구·직접 결과 중심 범위에서 추가 원문 검토하지 않음,search_return_only,,search_records/HC-Q12.json#result-14,
search_return,HC-Q12,2026-09-14,web.search,"""beach"" ""observed"" ""climate preference"" swimming 2024 2025 2026 validation",https://www.viirj.org/specialissues/2023/SP2302/Part%203.pdf,Vidyabharati International Interdisciplinary Research Journal  ISSN 2319-4979,15,not_extracted_candidate,관련 가능 반환; 우선 원연구·직접 결과 중심 범위에서 추가 원문 검토하지 않음,search_return_only,,search_records/HC-Q12.json#result-15,
search_return,HC-Q13,2026-09-14,exa.search,category:research paper Human Thermal Sensation Comfort Beach Areas Summer Woljeong Park 2016 10.9715,https://doi.org/10.9715/kila.2016.44.4.100,"Human Thermal Sensation and Comfort of Beach Areas in Summer - Woljeong-ri Beach, Gujwa-eup, Jeju-si, Jeju Special Self-Governing Province -",5,linked_to_included_study,선정 연구의 검색 반환/서지 사본; 접근 단계는 별도 행 참조,search_return_only,HC-S05,search_records/HC-Q13.json#result-1,
search_return,HC-Q13,2026-09-14,exa.search,category:research paper Human Thermal Sensation Comfort Beach Areas Summer Woljeong Park 2016 10.9715,https://www.koreascience.kr/article/JAKO201627037746173.page?lang=en,"Human Thermal Sensation and Comfort of Beach Areas in Summer - Woljeong-ri Beach, Gujwa-eup, Jeju-si, Jeju Special Self-Governing Province -
				-Journal of the Korean Institute of Landscape Architecture
			
		
	 | Korea Science",5,duplicate_url,이미 반환된 URL; 독립 논문/표본으로 합산하지 않음,search_return_only,HC-S05,search_records/HC-Q13.json#result-2,
search_return,HC-Q13,2026-09-14,exa.search,category:research paper Human Thermal Sensation Comfort Beach Areas Summer Woljeong Park 2016 10.9715,http://sam.riss.kr/findThesisAnalysis.do?controlNo=102417886&docType=A,SAM 학술관계분석서비스,5,duplicate_url,이미 반환된 URL; 독립 논문/표본으로 합산하지 않음,search_return_only,,search_records/HC-Q13.json#result-3,
search_return,HC-Q13,2026-09-14,exa.search,category:research paper Human Thermal Sensation Comfort Beach Areas Summer Woljeong Park 2016 10.9715,https://www.happycampus.com/paper-doc/32258334/,여름철 해변지역의 인간 열환경지수 및 열쾌적성 - 제주특별자치도 제주시 구좌읍 월정리 해변 - 논문,5,duplicate_url,이미 반환된 URL; 독립 논문/표본으로 합산하지 않음,search_return_only,HC-S05,search_records/HC-Q13.json#result-4,
search_return,HC-Q13,2026-09-14,exa.search,category:research paper Human Thermal Sensation Comfort Beach Areas Summer Woljeong Park 2016 10.9715,https://123dok.co/document/q2n6pdmp-thermal-sensation-comfort-summer-woljeong-special-governing-province.html,"Human Thermal Sensation and Comfort of Beach Areas in Summer - Woljeong-ri Beach, Gujwa-eup, Jeju-si, Jeju Special Self-Governing Province -",5,duplicate_url,이미 반환된 URL; 독립 논문/표본으로 합산하지 않음,search_return_only,HC-S05,search_records/HC-Q13.json#result-5,
search_return,HC-Q14,2026-09-14,exa.search,category:research paper original Holiday Climate Index urban Scott Rutty Amelung Tang 2016 empirical validation Europe,https://doi.org/10.3390/atmos7060080,An Inter-Comparison of the Holiday Climate Index (HCI) and the Tourism Climate Index (TCI) in Europe,5,linked_to_included_study,선정 연구의 검색 반환/서지 사본; 접근 단계는 별도 행 참조,search_return_only,HC-S09,search_records/HC-Q14.json#result-1,
search_return,HC-Q14,2026-09-14,exa.search,category:research paper original Holiday Climate Index urban Scott Rutty Amelung Tang 2016 empirical validation Europe,https://mdpi-res.com/d_attachment/atmosphere/atmosphere-07-00080/article_deploy/atmosphere-07-00080.pdf?version=1465300086,An Inter-Comparison of the Holiday Climate Index (HCI) and the Tourism Climate Index (TCI) in Europe,5,linked_to_included_study,선정 연구의 검색 반환/서지 사본; 접근 단계는 별도 행 참조,search_return_only,HC-S09,search_records/HC-Q14.json#result-2,
search_return,HC-Q14,2026-09-14,exa.search,category:research paper original Holiday Climate Index urban Scott Rutty Amelung Tang 2016 empirical validation Europe,https://www.mdpi.com/2073-4433/7/6/80,An Inter-Comparison of the Holiday Climate Index (HCI) ...,5,linked_to_included_study,선정 연구의 검색 반환/서지 사본; 접근 단계는 별도 행 참조,search_return_only,HC-S09,search_records/HC-Q14.json#result-3,
search_return,HC-Q14,2026-09-14,exa.search,category:research paper original Holiday Climate Index urban Scott Rutty Amelung Tang 2016 empirical validation Europe,https://pdfs.semanticscholar.org/7a49/cdfe784e6e9021c31e4ccff995634b2c4c68.pdf,N/A,5,not_extracted_candidate,관련 가능 반환; 우선 원연구·직접 결과 중심 범위에서 추가 원문 검토하지 않음,search_return_only,,search_records/HC-Q14.json#result-4,
search_return,HC-Q14,2026-09-14,exa.search,category:research paper original Holiday Climate Index urban Scott Rutty Amelung Tang 2016 empirical validation Europe,https://research.wur.nl/en/publications/an-inter-comparison-of-the-holiday-climate-index-hci-and-the-tour/,An inter-comparison of the Holiday Climate Index (HCI) ...,5,linked_to_included_study,선정 연구의 검색 반환/서지 사본; 접근 단계는 별도 행 참조,search_return_only,HC-S09,search_records/HC-Q14.json#result-5,
search_return,HC-Q15,2026-09-14,web.search,"""10.3354/cr00774"" ""38""",https://lup.lub.lu.se/record/1272799,"Preferred climates for tourism: case studies from Canada, New Zealand and Sweden. | Lund University Publications",18,linked_to_included_study,선정 연구의 검색 반환/서지 사본; 접근 단계는 별도 행 참조,search_return_only,HC-S14,search_records/HC-Q15.json#turn87search0,
search_return,HC-Q15,2026-09-14,web.search,"""10.3354/cr00774"" ""38""",https://portal.research.lu.se/en/publications/preferred-climates-for-tourism-case-studies-from-canada-new-zeala/,"Preferred climates for tourism: case studies from Canada, New Zealand and Sweden. - Lund University",18,linked_to_included_study,선정 연구의 검색 반환/서지 사본; 접근 단계는 별도 행 참조,search_return_only,HC-S14,search_records/HC-Q15.json#turn87search1,
search_return,HC-Q15,2026-09-14,web.search,"""10.3354/cr00774"" ""38""",https://www.int-res.com/articles/cr2009/38/c038p061.pdf,Printed December 2008,18,linked_to_included_study,선정 연구의 검색 반환/서지 사본; 접근 단계는 별도 행 참조,search_return_only,HC-S14,search_records/HC-Q15.json#turn87search12,
search_return,HC-Q15,2026-09-14,web.search,"""10.3354/cr00774"" ""38""",https://www.lunduniversity.lu.se/lup/publication/2a3bcbd8-ba1e-4cd1-91fc-21eb406ec0b9,"Preferred climates for tourism: case studies from Canada, New Zealand and Sweden. | Lund University",18,linked_to_included_study,선정 연구의 검색 반환/서지 사본; 접근 단계는 별도 행 참조,search_return_only,HC-S14,search_records/HC-Q15.json#turn87search2,
search_return,HC-Q15,2026-09-14,web.search,"""10.3354/cr00774"" ""38""",https://pmc.ncbi.nlm.nih.gov/articles/PMC7188899/,A multidecadal assessment of climate indices over Europe - PMC,18,not_extracted_candidate,관련 가능 반환; 우선 원연구·직접 결과 중심 범위에서 추가 원문 검토하지 않음,search_return_only,,search_records/HC-Q15.json#turn87search3,
search_return,HC-Q15,2026-09-14,web.search,"""10.3354/cr00774"" ""38""",https://www.lu.se/lup/publication/2a3bcbd8-ba1e-4cd1-91fc-21eb406ec0b9,"Preferred climates for tourism: case studies from Canada, New Zealand and Sweden. | Lunds universitet",18,linked_to_included_study,선정 연구의 검색 반환/서지 사본; 접근 단계는 별도 행 참조,search_return_only,HC-S14,search_records/HC-Q15.json#turn87search4,
search_return,HC-Q15,2026-09-14,web.search,"""10.3354/cr00774"" ""38""",https://ccsenet.org/journal/index.php/jgg/article/download/58369/31187,"Journal of Geography and Geology; Vol. 8, No. 2; 2016",18,excluded_scope,제목/검색 맥락상 대상 물활동·환경 결과와 무관하거나 관광 홍보,search_return_only,,search_records/HC-Q15.json#turn87search13,
search_return,HC-Q15,2026-09-14,web.search,"""10.3354/cr00774"" ""38""",https://journals.sagepub.com/doi/10.1177/10963480211070211,"Effects of Abnormal Weather Conditions on the Performance of Hotel Firms - Sung Gyun Mun, Sangwon Park, 2023",18,excluded_scope,제목/검색 맥락상 대상 물활동·환경 결과와 무관하거나 관광 홍보,search_return_only,,search_records/HC-Q15.json#turn87search5,
search_return,HC-Q15,2026-09-14,web.search,"""10.3354/cr00774"" ""38""",https://journals.plos.org/climate/article/file?id=10.1371%2Fjournal.pclm.0000266&type=printable,PLOS CLIMATE,18,not_extracted_candidate,관련 가능 반환; 우선 원연구·직접 결과 중심 범위에서 추가 원문 검토하지 않음,search_return_only,,search_records/HC-Q15.json#turn87search14,
search_return,HC-Q15,2026-09-14,web.search,"""10.3354/cr00774"" ""38""",https://pmc.ncbi.nlm.nih.gov/articles/PMC5752755/,Impact of selected personal factors on seasonal variability of recreationist weather perceptions and preferences in Warsaw (Poland) - PMC,18,not_extracted_candidate,관련 가능 반환; 우선 원연구·직접 결과 중심 범위에서 추가 원문 검토하지 않음,search_return_only,,search_records/HC-Q15.json#turn87search6,
search_return,HC-Q15,2026-09-14,web.search,"""10.3354/cr00774"" ""38""",https://doi.org/10.1177%2F10963480211070211,"Effects of Abnormal Weather Conditions on the Performance of Hotel Firms - Sung Gyun Mun, Sangwon Park, 2023",18,excluded_scope,제목/검색 맥락상 대상 물활동·환경 결과와 무관하거나 관광 홍보,search_return_only,,search_records/HC-Q15.json#turn87search7,
search_return,HC-Q15,2026-09-14,web.search,"""10.3354/cr00774"" ""38""",https://doiserbia.nb.rs/img/doi/0350-3593/2023/0350-35932302107C.pdf,ГЛАСНИК Српског географског друштва 103(2) 107-128,18,not_extracted_candidate,관련 가능 반환; 우선 원연구·직접 결과 중심 범위에서 추가 원문 검토하지 않음,search_return_only,,search_records/HC-Q15.json#turn87search15,
search_return,HC-Q15,2026-09-14,web.search,"""10.3354/cr00774"" ""38""",https://www.jccr.re.kr/_PR/view/?aidx=36551&bidx=3287,기후변화가 해안 관광목적지에 미치는 영향 분석 : 해수욕장의 활동선호일수 및 침수지역 변화를 중심으로,18,not_extracted_candidate,관련 가능 반환; 우선 원연구·직접 결과 중심 범위에서 추가 원문 검토하지 않음,search_return_only,,search_records/HC-Q15.json#turn87search8,
search_return,HC-Q15,2026-09-14,web.search,"""10.3354/cr00774"" ""38""",https://journals.plos.org/plosone/article/file?id=10.1371%2Fjournal.pone.0278591&type=printable,PLOS ONE RESEARCH ARTICLE Boost the resilience of,18,not_extracted_candidate,관련 가능 반환; 우선 원연구·직접 결과 중심 범위에서 추가 원문 검토하지 않음,search_return_only,,search_records/HC-Q15.json#turn87search16,
search_return,HC-Q15,2026-09-14,web.search,"""10.3354/cr00774"" ""38""",https://www.conjoncturevaudoise.ch/fileadmin/content/etudes/alpe-vaud-rapp-chang-clim-wsl-2013.pdf,CHANGEMENTS CLIMATIQUES,18,not_extracted_candidate,관련 가능 반환; 우선 원연구·직접 결과 중심 범위에서 추가 원문 검토하지 않음,search_return_only,,search_records/HC-Q15.json#turn87search17,
search_return,HC-Q15,2026-09-14,web.search,"""10.3354/cr00774"" ""38""",https://journals.sagepub.com/doi/abs/10.1177/10963480211070211,"Effects of Abnormal Weather Conditions on the Performance of Hotel Firms - Sung Gyun Mun, Sangwon Park, 2023",18,excluded_scope,제목/검색 맥락상 대상 물활동·환경 결과와 무관하거나 관광 홍보,search_return_only,,search_records/HC-Q15.json#turn87search9,
search_return,HC-Q15,2026-09-14,web.search,"""10.3354/cr00774"" ""38""",https://journals.ametsoc.org/view/journals/wcas/12/3/wcasD190133.xml,Exploring Climate Change Threats to Beach Tourism Destinations: Application of the Hazard–Activity Pairs Methodology to South Africa,18,not_extracted_candidate,관련 가능 반환; 우선 원연구·직접 결과 중심 범위에서 추가 원문 검토하지 않음,search_return_only,,search_records/HC-Q15.json#turn87search10,
search_return,HC-Q15,2026-09-14,web.search,"""10.3354/cr00774"" ""38""",https://ouci.dntb.gov.ua/en/works/leoRgkW7/,The impact of weather and climate on tourist demand: the case of Chester Zoo,18,excluded_scope,제목/검색 맥락상 대상 물활동·환경 결과와 무관하거나 관광 홍보,search_return_only,,search_records/HC-Q15.json#turn87search11,
retrieval_attempt,HC-R01,2026-09-14,web.open,direct source retrieval,https://www.mdpi.com/2073-4433/11/4/412,An Inter-Comparison of the Holiday Climate Index (HCI:Beach) and the Tourism Climate Index (TCI) to Explain Canadian Tourism Arrivals to the Caribbean,,access_limitation,,full_text_unavailable,HC-S01,search_records/HC-reading-log.json,429 Too Many Requests
retrieval_attempt,HC-R02a,2026-09-14,exa.fetch,direct source retrieval,https://www.mdpi.com/2073-4433/11/4/412,An Inter-Comparison of the Holiday Climate Index (HCI:Beach) and the Tourism Climate Index (TCI) to Explain Canadian Tourism Arrivals to the Caribbean,,included,,full_text_checked,HC-S01,search_records/HC-reading-log.json,"§3–6,Tables2–7 확인; web429후 Exa추출 성공"
retrieval_attempt,HC-R02b,2026-09-14,exa.fetch,direct source retrieval,https://doi.org/10.1007/s00484-014-0820-x,Bioclimatic comfort and the thermal perceptions and preferences of beach tourists,,access_limitation,,metadata_only,HC-S03,search_records/HC-reading-log.json,메타·참고문헌만; 본문 없음
retrieval_attempt,HC-R02c,2026-09-14,exa.fetch,direct source retrieval,https://doi.org/10.3354/cr01183,Differential climate preferences of international beach tourists,,included,,full_text_checked,HC-S02,search_records/HC-reading-log.json,"Methods/Results/Tables2,5 확인"
retrieval_attempt,HC-R02d,2026-09-14,exa.fetch,direct source retrieval,https://doi.org/10.3390/su9091535,Impact of Climate Change on the Preferred Season for Outdoor Water Activities,,included,,full_text_checked,HC-S04,search_records/HC-reading-log.json,"Study Sites/Data and Analysis/Preferred Weather Conditions/Discussion;Tables3,5–8"
retrieval_attempt,HC-R03,2026-09-14,web.open,direct source retrieval,https://www.kci.go.kr/kciportal/ci/sereArticleSearch/ciSereArtiView.kci?sereArticleSearchBean.artiId=ART002141334,여름철 해변지역의 인간 열환경지수 및 열쾌적성 - 제주특별자치도 제주시 구좌읍 월정리 해변 -,,included,,abstract_only,HC-S05,search_records/HC-reading-log.json,서지와초록 확인; 전체논문 미노출
retrieval_attempt,HC-R04,2026-09-14,web.open,direct source retrieval,https://pubmed.ncbi.nlm.nih.gov/24671407/,Bioclimatic comfort and the thermal perceptions and preferences of beach tourists,,included,,abstract_only,HC-S03,search_records/HC-reading-log.json,PubMed초록234–237행
retrieval_attempt,HC-R05,2026-09-14,web.open,direct source retrieval,https://link.springer.com/article/10.1007/s00484-019-01799-7,Development of a data-driven weather index for beach parks tourism,,included,,abstract_only,HC-S06,search_records/HC-reading-log.json,초록과서지;subscription preview
retrieval_attempt,HC-R06,2026-09-14,web.open,direct source retrieval,https://link.springer.com/article/10.1007/s00484-007-0134-3,A second generation climate index for tourism (CIT): specification and verification,,included,,abstract_only,HC-S07,search_records/HC-reading-log.json,초록과서지;subscription preview
retrieval_attempt,HC-R07,2026-09-14,web.open,direct source retrieval,https://onlinelibrary.wiley.com/doi/10.1111/j.1541-0064.1985.tb00365.x,The Tourism Climatic Index: A Method of Evaluating World Climates for Tourism,,included,,abstract_only,HC-S08,search_records/HC-reading-log.json,초록60–64행; 본문 미노출
retrieval_attempt,HC-R08,2026-09-14,web.open,direct source retrieval,https://www.koreascience.kr/article/JAKO201627037746173.page?lang=en,여름철 해변지역의 인간 열환경지수 및 열쾌적성 - 제주특별자치도 제주시 구좌읍 월정리 해변 -,,access_limitation,,full_text_unavailable,HC-S05,search_records/HC-reading-log.json,tool non-retryable URL error
retrieval_attempt,HC-R09a,2026-09-14,exa.fetch,direct source retrieval,https://doi.org/10.9715/KILA.2016.44.4.100,여름철 해변지역의 인간 열환경지수 및 열쾌적성 - 제주특별자치도 제주시 구좌읍 월정리 해변 -,,access_limitation,,full_text_unavailable,HC-S05,search_records/HC-reading-log.json,이 batch에서 해당URL 독립본문 반환 없음
retrieval_attempt,HC-R09b,2026-09-14,exa.fetch,direct source retrieval,https://www.koreascience.kr/article/JAKO201627037746173.page?lang=en,여름철 해변지역의 인간 열환경지수 및 열쾌적성 - 제주특별자치도 제주시 구좌읍 월정리 해변 -,,included,,abstract_only,HC-S05,search_records/HC-reading-log.json,Abstract/DOI확인;PDF본문 반환안됨
retrieval_attempt,HC-R09c,2026-09-14,exa.fetch,direct source retrieval,https://www.mdpi.com/2073-4433/7/6/80,An Inter-Comparison of the Holiday Climate Index (HCI) and the Tourism Climate Index (TCI) in Europe,,included,,full_text_checked,HC-S09,search_records/HC-reading-log.json,§3–5/Eq2/Fig2 확인; 끝 references잘림 가능
retrieval_attempt,HC-R10,2026-09-14,web.open,direct source retrieval,https://meetingorganizer.copernicus.org/EGU24/EGU24-5058.html,The development of the Koreans’ climatic index for tourism (KCIT),,included,,abstract_only,HC-S11,search_records/HC-reading-log.json,학회초록114–119행;별도원논문 아님
retrieval_attempt,HC-R11a,2026-09-14,exa.fetch,direct source retrieval,https://www.researchgate.net/publication/308663713_Human_Thermal_Sensation_and_Comfort_of_Beach_Areas_in_Summer_-_Woljeong-ri_Beach_Gujwa-eup_Jeju-si_Jeju_Special_Self-Governing_Province_-,여름철 해변지역의 인간 열환경지수 및 열쾌적성 - 제주특별자치도 제주시 구좌읍 월정리 해변 -,,access_limitation,,full_text_unavailable,HC-S05,search_records/HC-reading-log.json,batch에본문 반환되지 않음
retrieval_attempt,HC-R11b,2026-09-14,exa.fetch,direct source retrieval,https://www.frontiersin.org/journals/public-health/articles/10.3389/fpubh.2026.1836657/full,Nonlinear effects of climate change on outdoor activities and potential feedback pathways: a systematic review,,included,,full_text_checked,HC-S12,search_records/HC-reading-log.json,§2–4.5 관련 방법/결과/한계 확인;원연구독립표본 아님
retrieval_attempt,HC-R11c,2026-09-14,exa.fetch,direct source retrieval,https://pmc.ncbi.nlm.nih.gov/articles/PMC7406217/,A comparison of the holiday climate index:beach and the tourism climate index across coastal destinations in China,,included,,full_text_checked,HC-S10,search_records/HC-reading-log.json,Methods/Table1/Results/Discussion 확인
retrieval_attempt,HC-R12a,2026-09-14,exa.fetch,direct source retrieval,https://doi.org/10.1080/14616688.2014.932833,Thermal range of coastal tourism resort microclimates,,included,,abstract_only,HC-S13,search_records/HC-reading-log.json,초록/메타; 본문 없음
retrieval_attempt,HC-R12b,2026-09-14,exa.fetch,direct source retrieval,https://doi.org/10.3354/cr00774,"Preferred climates for tourism: case studies from Canada, New Zealand and Sweden",,included,,abstract_only,HC-S14,search_records/HC-reading-log.json,HCI선호개발원연구 추적; 초록/메타만
retrieval_attempt,HC-R13,2026-09-14,web.open metadata,Lund author-institution bibliographic conflict verification,https://lup.lub.lu.se/record/1272799,"Preferred climates for tourism: case studies from Canada, New Zealand and Sweden",,metadata_checked,,metadata_only,HC-S14,search_records/HC-reading-log.json,"Author institutional record lines22,51–65,77–88:2008 ClimateResearch38 pp61–73 DOIcr00774. Crossrefvolume45conflicts. Useauthorinstitution38; noPDFfulltextclaimed."
metadata_lookup,HC-M01,2026-09-14,Crossref public API via urllib,DOI bibliographic metadata lookup,https://api.crossref.org/works/10.3390%2Fatmos11040412,An Inter-Comparison of the Holiday Climate Index (HCI:Beach) and the Tourism Climate Index (TCI) to Explain Canadian Tourism Arrivals to the Caribbean,,metadata_checked,,metadata_checked,HC-S01,search_records/HC-crossref-metadata.json,서지 조회는 논문 초록/원문 검토 아님; HC-S14 권수 충돌은 원출처/저자기관 우선
metadata_lookup,HC-M02,2026-09-14,Crossref public API via urllib,DOI bibliographic metadata lookup,https://api.crossref.org/works/10.3354%2Fcr01183,Differential climate preferences of international beach tourists,,metadata_checked,,metadata_checked,HC-S02,search_records/HC-crossref-metadata.json,서지 조회는 논문 초록/원문 검토 아님; HC-S14 권수 충돌은 원출처/저자기관 우선
metadata_lookup,HC-M03,2026-09-14,Crossref public API via urllib,DOI bibliographic metadata lookup,https://api.crossref.org/works/10.1007%2Fs00484-014-0820-x,Bioclimatic comfort and the thermal perceptions and preferences of beach tourists,,access_failed,HTTPError,failed,HC-S03,search_records/HC-crossref-metadata.json,서지 조회는 논문 초록/원문 검토 아님; HC-S14 권수 충돌은 원출처/저자기관 우선
metadata_lookup,HC-M04,2026-09-14,Crossref public API via urllib,DOI bibliographic metadata lookup,https://api.crossref.org/works/10.3390%2Fsu9091535,Impact of Climate Change on the Preferred Season for Outdoor Water Activities,,metadata_checked,,metadata_checked,HC-S04,search_records/HC-crossref-metadata.json,서지 조회는 논문 초록/원문 검토 아님; HC-S14 권수 충돌은 원출처/저자기관 우선
metadata_lookup,HC-M05,2026-09-14,Crossref public API via urllib,DOI bibliographic metadata lookup,https://api.crossref.org/works/10.9715%2FKILA.2016.44.4.100,여름철 해변지역의 인간 열환경지수 및 열쾌적성 - 제주특별자치도 제주시 구좌읍 월정리 해변 -,,access_failed,HTTPError,failed,HC-S05,search_records/HC-crossref-metadata.json,서지 조회는 논문 초록/원문 검토 아님; HC-S14 권수 충돌은 원출처/저자기관 우선
metadata_lookup,HC-M06,2026-09-14,Crossref public API via urllib,DOI bibliographic metadata lookup,https://api.crossref.org/works/10.1007%2Fs00484-019-01799-7,Development of a data-driven weather index for beach parks tourism,,metadata_checked,,metadata_checked,HC-S06,search_records/HC-crossref-metadata.json,서지 조회는 논문 초록/원문 검토 아님; HC-S14 권수 충돌은 원출처/저자기관 우선
metadata_lookup,HC-M07,2026-09-14,Crossref public API via urllib,DOI bibliographic metadata lookup,https://api.crossref.org/works/10.1007%2Fs00484-007-0134-3,A second generation climate index for tourism (CIT): specification and verification,,metadata_checked,,metadata_checked,HC-S07,search_records/HC-crossref-metadata.json,서지 조회는 논문 초록/원문 검토 아님; HC-S14 권수 충돌은 원출처/저자기관 우선
metadata_lookup,HC-M08,2026-09-14,Crossref public API via urllib,DOI bibliographic metadata lookup,https://api.crossref.org/works/10.1111%2Fj.1541-0064.1985.tb00365.x,The Tourism Climatic Index: A Method of Evaluating World Climates for Tourism,,metadata_checked,,metadata_checked,HC-S08,search_records/HC-crossref-metadata.json,서지 조회는 논문 초록/원문 검토 아님; HC-S14 권수 충돌은 원출처/저자기관 우선
metadata_lookup,HC-M09,2026-09-14,Crossref public API via urllib,DOI bibliographic metadata lookup,https://api.crossref.org/works/10.3390%2Fatmos7060080,An Inter-Comparison of the Holiday Climate Index (HCI) and the Tourism Climate Index (TCI) in Europe,,metadata_checked,,metadata_checked,HC-S09,search_records/HC-crossref-metadata.json,서지 조회는 논문 초록/원문 검토 아님; HC-S14 권수 충돌은 원출처/저자기관 우선
metadata_lookup,HC-M10,2026-09-14,Crossref public API via urllib,DOI bibliographic metadata lookup,https://api.crossref.org/works/10.1007%2Fs00484-020-01979-w,A comparison of the holiday climate index:beach and the tourism climate index across coastal destinations in China,,metadata_checked,,metadata_checked,HC-S10,search_records/HC-crossref-metadata.json,서지 조회는 논문 초록/원문 검토 아님; HC-S14 권수 충돌은 원출처/저자기관 우선
metadata_lookup,HC-M11,2026-09-14,Crossref public API via urllib,DOI bibliographic metadata lookup,https://api.crossref.org/works/10.5194%2Fegusphere-egu24-5058,The development of the Koreans’ climatic index for tourism (KCIT),,metadata_checked,,metadata_checked,HC-S11,search_records/HC-crossref-metadata.json,서지 조회는 논문 초록/원문 검토 아님; HC-S14 권수 충돌은 원출처/저자기관 우선
metadata_lookup,HC-M12,2026-09-14,Crossref public API via urllib,DOI bibliographic metadata lookup,https://api.crossref.org/works/10.3389%2Ffpubh.2026.1836657,Nonlinear effects of climate change on outdoor activities and potential feedback pathways: a systematic review,,metadata_checked,,metadata_checked,HC-S12,search_records/HC-crossref-metadata.json,서지 조회는 논문 초록/원문 검토 아님; HC-S14 권수 충돌은 원출처/저자기관 우선
metadata_lookup,HC-M13,2026-09-14,Crossref public API via urllib,DOI bibliographic metadata lookup,https://api.crossref.org/works/10.1080%2F14616688.2014.932833,Thermal range of coastal tourism resort microclimates,,metadata_checked,,metadata_checked,HC-S13,search_records/HC-crossref-metadata.json,서지 조회는 논문 초록/원문 검토 아님; HC-S14 권수 충돌은 원출처/저자기관 우선
metadata_lookup,HC-M14,2026-09-14,Crossref public API via urllib,DOI bibliographic metadata lookup,https://api.crossref.org/works/10.3354%2Fcr00774,"Preferred climates for tourism: case studies from Canada, New Zealand and Sweden",,metadata_checked,,metadata_checked,HC-S14,search_records/HC-crossref-metadata.json,서지 조회는 논문 초록/원문 검토 아님; HC-S14 권수 충돌은 원출처/저자기관 우선
